date;credibilidade
13/01/2000;0,925
14/01/2000;0,905
17/01/2000;0,905
18/01/2000;0,905
19/01/2000;0,905
20/01/2000;0,905
21/01/2000;0,9
24/01/2000;0,9
25/01/2000;0,9
26/01/2000;0,9
27/01/2000;0,85
28/01/2000;0,85
31/01/2000;0,85
01/02/2000;0,85
02/02/2000;0,85
03/02/2000;0,85
04/02/2000;0,78
07/02/2000;0,765
08/02/2000;0,765
09/02/2000;0,71
10/02/2000;0,71
11/02/2000;0,71
14/02/2000;0,71
15/02/2000;0,71
16/02/2000;0,71
17/02/2000;0,71
18/02/2000;0,71
21/02/2000;0,725
22/02/2000;0,725
23/02/2000;0,76
24/02/2000;0,76
25/02/2000;0,76
28/02/2000;0,76
29/02/2000;0,76
01/03/2000;0,76
02/03/2000;0,76
03/03/2000;0,8
08/03/2000;0,8
09/03/2000;0,8
10/03/2000;0,8
13/03/2000;0,815
14/03/2000;0,815
15/03/2000;0,815
16/03/2000;0,81
17/03/2000;0,8
20/03/2000;0,8
21/03/2000;0,765
22/03/2000;0,765
23/03/2000;0,765
24/03/2000;0,765
27/03/2000;0,765
28/03/2000;0,765
29/03/2000;0,765
30/03/2000;0,765
31/03/2000;0,765
03/04/2000;0,8
04/04/2000;0,805
05/04/2000;0,835
06/04/2000;0,835
07/04/2000;0,815
10/04/2000;0,815
11/04/2000;0,815
12/04/2000;0,815
13/04/2000;0,825
14/04/2000;0,815
17/04/2000;0,825
18/04/2000;0,825
19/04/2000;0,825
20/04/2000;0,785
24/04/2000;0,785
25/04/2000;0,785
26/04/2000;0,785
27/04/2000;0,785
28/04/2000;0,785
02/05/2000;0,785
03/05/2000;0,785
04/05/2000;0,78
05/05/2000;0,78
08/05/2000;0,78
09/05/2000;0,765
10/05/2000;0,765
11/05/2000;0,765
12/05/2000;0,765
15/05/2000;0,765
16/05/2000;0,77
17/05/2000;0,77
18/05/2000;0,77
19/05/2000;0,77
22/05/2000;0,765
23/05/2000;0,765
24/05/2000;0,795
25/05/2000;0,775
26/05/2000;0,77
29/05/2000;0,785
30/05/2000;0,795
31/05/2000;0,795
01/06/2000;0,795
02/06/2000;0,795
05/06/2000;0,8
06/06/2000;0,8
07/06/2000;0,79
08/06/2000;0,8
09/06/2000;0,8
12/06/2000;0,8
13/06/2000;0,8
14/06/2000;0,8
15/06/2000;0,8
16/06/2000;0,8
19/06/2000;0,8
20/06/2000;0,8
21/06/2000;0,8
23/06/2000;0,78
26/06/2000;0,78
27/06/2000;0,78
28/06/2000;0,78
29/06/2000;0,785
30/06/2000;0,785
03/07/2000;0,785
04/07/2000;0,785
05/07/2000;0,785
06/07/2000;0,785
07/07/2000;0,79
08/07/2000;0,785
11/07/2000;0,79
12/07/2000;0,81
13/07/2000;0,81
14/07/2000;0,81
17/07/2000;0,81
18/07/2000;0,81
19/07/2000;0,81
20/07/2000;0,81
21/07/2000;0,81
24/07/2000;0,81
25/07/2000;0,81
26/07/2000;0,81
27/07/2000;0,81
28/07/2000;0,81
31/07/2000;0,81
01/08/2000;0,81
02/08/2000;0,81
03/08/2000;0,81
04/08/2000;0,81
07/08/2000;0,86
08/08/2000;0,86
09/08/2000;0,86
10/08/2000;0,86
11/08/2000;0,85
14/08/2000;0,85
15/08/2000;0,85
16/08/2000;0,83
17/08/2000;0,83
18/08/2000;0,83
21/08/2000;0,83
22/08/2000;0,83
23/08/2000;0,83
24/08/2000;0,83
25/08/2000;0,83
28/08/2000;0,83
29/08/2000;0,83
30/08/2000;0,83
31/08/2000;0,83
01/09/2000;0,82
04/09/2000;0,82
05/09/2000;0,82
06/09/2000;0,82
08/09/2000;0,82
11/09/2000;0,82
12/09/2000;0,82
13/09/2000;0,82
14/09/2000;0,81
15/09/2000;0,805
18/09/2000;0,805
19/09/2000;0,805
20/09/2000;0,805
21/09/2000;0,805
22/09/2000;0,805
25/09/2000;0,805
26/09/2000;0,805
27/09/2000;0,805
28/09/2000;0,805
29/09/2000;0,805
02/10/2000;0,79
03/10/2000;0,795
04/10/2000;0,795
05/10/2000;0,795
06/10/2000;0,795
09/10/2000;0,8
10/10/2000;0,8
11/10/2000;0,795
13/10/2000;0,795
16/10/2000;0,795
17/10/2000;0,795
18/10/2000;0,795
19/10/2000;0,795
20/10/2000;0,795
23/10/2000;0,795
24/10/2000;0,795
25/10/2000;0,795
26/10/2000;0,795
27/10/2000;0,8
30/10/2000;0,8
31/10/2000;0,8
01/11/2000;0,82
03/11/2000;0,815
06/11/2000;0,815
07/11/2000;0,815
08/11/2000;0,815
09/11/2000;0,815
10/11/2000;0,815
13/11/2000;0,815
14/11/2000;0,83
16/11/2000;0,83
17/11/2000;0,83
20/11/2000;0,835
21/11/2000;0,83
22/11/2000;0,83
23/11/2000;0,825
24/11/2000;0,815
27/11/2000;0,82
28/11/2000;0,83
29/11/2000;0,83
30/11/2000;0,83
01/12/2000;0,815
04/12/2000;0,815
05/12/2000;0,815
06/12/2000;0,805
07/12/2000;0,805
08/12/2000;0,805
11/12/2000;0,81
12/12/2000;0,815
13/12/2000;0,815
14/12/2000;0,815
15/12/2000;0,81
18/12/2000;0,81
19/12/2000;0,815
20/12/2000;0,82
21/12/2000;0,81
22/12/2000;0,81
26/12/2000;0,81
27/12/2000;0,825
28/12/2000;0,825
29/12/2000;0,825
02/01/2001;0,85
03/01/2001;0,85
04/01/2001;0,84
05/01/2001;0,84
08/01/2001;0,84
09/01/2001;0,84
10/01/2001;0,835
11/01/2001;0,84
12/01/2001;0,84
15/01/2001;0,84
16/01/2001;0,84
17/01/2001;0,84
18/01/2001;0,84
19/01/2001;0,84
22/01/2001;0,835
23/01/2001;0,835
24/01/2001;0,835
25/01/2001;0,85
26/01/2001;0,85
29/01/2001;0,855
30/01/2001;0,865
31/01/2001;0,865
01/02/2001;0,865
02/02/2001;0,87
05/02/2001;0,87
06/02/2001;0,87
07/02/2001;0,87
08/02/2001;0,875
09/02/2001;0,875
12/02/2001;0,875
13/02/2001;0,875
14/02/2001;0,875
15/02/2001;0,875
16/02/2001;0,875
19/02/2001;0,875
20/02/2001;0,875
21/02/2001;0,875
22/02/2001;0,875
23/02/2001;0,885
28/02/2001;0,885
01/03/2001;0,885
02/03/2001;0,885
05/03/2001;0,885
06/03/2001;0,905
07/03/2001;0,905
08/03/2001;0,905
09/03/2001;0,905
12/03/2001;0,905
13/03/2001;0,905
14/03/2001;0,895
15/03/2001;0,895
16/03/2001;0,89
19/03/2001;0,905
20/03/2001;0,92
21/03/2001;0,925
22/03/2001;0,925
23/03/2001;0,925
26/03/2001;0,92
27/03/2001;0,92
28/03/2001;0,92
29/03/2001;0,93
30/03/2001;0,93
02/04/2001;0,935
03/04/2001;0,915
04/04/2001;0,915
05/04/2001;0,905
06/04/2001;0,905
09/04/2001;0,905
10/04/2001;0,9
11/04/2001;0,905
12/04/2001;0,9
16/04/2001;0,895
17/04/2001;0,895
18/04/2001;0,89
19/04/2001;0,89
20/04/2001;0,89
23/04/2001;0,89
24/04/2001;0,89
25/04/2001;0,89
26/04/2001;0,89
27/04/2001;0,89
30/04/2001;0,89
02/05/2001;0,89
03/05/2001;0,885
04/05/2001;0,885
07/05/2001;0,88
08/05/2001;0,885
09/05/2001;0,885
10/05/2001;0,885
11/05/2001;0,885
14/05/2001;0,875
15/05/2001;0,855
16/05/2001;0,855
17/05/2001;0,86
18/05/2001;0,86
21/05/2001;0,855
22/05/2001;0,85
23/05/2001;0,85
24/05/2001;0,85
25/05/2001;0,85
28/05/2001;0,85
29/05/2001;0,835
30/05/2001;0,83
31/05/2001;0,83
01/06/2001;0,825
04/06/2001;0,825
05/06/2001;0,82
06/06/2001;0,82
07/06/2001;0,825
08/06/2001;0,825
11/06/2001;0,8
12/06/2001;0,8
13/06/2001;0,8
18/06/2001;0,785
19/06/2001;0,76
20/06/2001;0,755
21/06/2001;0,755
22/06/2001;0,755
25/06/2001;0,755
26/06/2001;0,755
27/06/2001;0,755
28/06/2001;0,755
29/06/2001;0,755
02/07/2001;0,755
03/07/2001;0,755
04/07/2001;0,755
05/07/2001;0,73
06/07/2001;0,73
09/07/2001;0,725
10/07/2001;0,72
11/07/2001;0,71
12/07/2001;0,72
13/07/2001;0,645
16/07/2001;0,65
17/07/2001;0,63
18/07/2001;0,62
19/07/2001;0,625
20/07/2001;0,6
23/07/2001;0,585
24/07/2001;0,585
25/07/2001;0,575
26/07/2001;0,58
27/07/2001;0,58
30/07/2001;0,585
31/07/2001;0,565
01/08/2001;0,585
02/08/2001;0,575
03/08/2001;0,54
06/08/2001;0,54
07/08/2001;0,54
08/08/2001;0,545
09/08/2001;0,525
10/08/2001;0,505
13/08/2001;0,505
14/08/2001;0,505
15/08/2001;0,495
16/08/2001;0,48
17/08/2001;0,49
20/08/2001;0,485
21/08/2001;0,485
22/08/2001;0,485
23/08/2001;0,475
24/08/2001;0,48
27/08/2001;0,465
28/08/2001;0,465
29/08/2001;0,465
30/08/2001;0,465
31/08/2001;0,465
03/09/2001;0,45
04/09/2001;0,445
05/09/2001;0,445
06/09/2001;0,455
10/09/2001;0,445
11/09/2001;0,445
12/09/2001;0,44
13/09/2001;0,435
14/09/2001;0,42
17/09/2001;0,4
18/09/2001;0,395
19/09/2001;0,385
20/09/2001;0,35
21/09/2001;0,345
24/09/2001;0,34
25/09/2001;0,31
26/09/2001;0,31
27/09/2001;0,3
28/09/2001;0,29
01/10/2001;0,285
02/10/2001;0,28
03/10/2001;0,27
04/10/2001;0,255
05/10/2001;0,265
08/10/2001;0,26
09/10/2001;0,265
10/10/2001;0,26
11/10/2001;0,24
15/10/2001;0,24
16/10/2001;0,22
17/10/2001;0,2
18/10/2001;0,2
19/10/2001;0,19
22/10/2001;0,18
23/10/2001;0,185
24/10/2001;0,185
25/10/2001;0,18
26/10/2001;0,19
29/10/2001;0,185
30/10/2001;0,17
31/10/2001;0,17
01/11/2001;0,175
06/11/2001;0,175
07/11/2001;0,175
08/11/2001;0,165
09/11/2001;0,165
12/11/2001;0,165
13/11/2001;0,165
14/11/2001;0,17
16/11/2001;0,18
19/11/2001;0,185
20/11/2001;0,185
21/11/2001;0,185
22/11/2001;0,185
23/11/2001;0,185
26/11/2001;0,19
27/11/2001;0,19
28/11/2001;0,19
29/11/2001;0,19
30/11/2001;0,185
03/12/2001;0,185
04/12/2001;0,185
05/12/2001;0,185
06/12/2001;0,18
07/12/2001;0,16
10/12/2001;0,155
11/12/2001;0,185
12/12/2001;0,195
13/12/2001;0,2
14/12/2001;0,2
17/12/2001;0,205
18/12/2001;0,21
19/12/2001;0,215
20/12/2001;0,245
21/12/2001;0,265
24/12/2001;0,265
26/12/2001;0,275
27/12/2001;0,295
28/12/2001;0,33
31/12/2001;0,335
02/01/2002;0,62
03/01/2002;0,625
04/01/2002;0,625
07/01/2002;0,625
08/01/2002;0,625
09/01/2002;0,625
10/01/2002;0,625
11/01/2002;0,625
14/01/2002;0,625
15/01/2002;0,625
16/01/2002;0,625
17/01/2002;0,64
18/01/2002;0,64
21/01/2002;0,64
22/01/2002;0,645
23/01/2002;0,645
24/01/2002;0,655
25/01/2002;0,66
28/01/2002;0,66
29/01/2002;0,655
30/01/2002;0,655
31/01/2002;0,655
01/02/2002;0,66
04/02/2002;0,655
05/02/2002;0,655
06/02/2002;0,655
07/02/2002;0,655
08/02/2002;0,66
11/02/2002;0,67
13/02/2002;0,67
14/02/2002;0,67
15/02/2002;0,67
18/02/2002;0,675
19/02/2002;0,67
20/02/2002;0,67
21/02/2002;0,67
22/02/2002;0,66
25/02/2002;0,66
26/02/2002;0,65
27/02/2002;0,65
28/02/2002;0,65
01/03/2002;0,645
04/03/2002;0,645
05/03/2002;0,635
06/03/2002;0,635
07/03/2002;0,635
08/03/2002;0,635
11/03/2002;0,625
12/03/2002;0,615
13/03/2002;0,61
14/03/2002;0,615
15/03/2002;0,615
18/03/2002;0,605
19/03/2002;0,61
20/03/2002;0,605
21/03/2002;0,605
22/03/2002;0,6
25/03/2002;0,6
26/03/2002;0,6
27/03/2002;0,6
28/03/2002;0,6
01/04/2002;0,595
02/04/2002;0,595
03/04/2002;0,595
04/04/2002;0,6
05/04/2002;0,595
08/04/2002;0,595
09/04/2002;0,6
10/04/2002;0,6
11/04/2002;0,6
12/04/2002;0,605
15/04/2002;0,605
16/04/2002;0,605
17/04/2002;0,615
18/04/2002;0,615
19/04/2002;0,61
22/04/2002;0,61
23/04/2002;0,615
24/04/2002;0,615
25/04/2002;0,615
26/04/2002;0,615
29/04/2002;0,615
30/04/2002;0,615
02/05/2002;0,615
03/05/2002;0,615
06/05/2002;0,615
07/05/2002;0,615
08/05/2002;0,615
09/05/2002;0,615
10/05/2002;0,605
13/05/2002;0,605
14/05/2002;0,605
15/05/2002;0,59
16/05/2002;0,595
17/05/2002;0,59
20/05/2002;0,59
21/05/2002;0,59
22/05/2002;0,59
23/05/2002;0,59
24/05/2002;0,585
27/05/2002;0,58
28/05/2002;0,575
29/05/2002;0,58
31/05/2002;0,58
03/06/2002;0,58
04/06/2002;0,58
05/06/2002;0,57
06/06/2002;0,57
07/06/2002;0,575
10/06/2002;0,575
11/06/2002;0,57
12/06/2002;0,57
13/06/2002;0,57
14/06/2002;0,565
17/06/2002;0,565
18/06/2002;0,565
19/06/2002;0,565
20/06/2002;0,565
21/06/2002;0,565
24/06/2002;0,56
25/06/2002;0,555
26/06/2002;0,555
27/06/2002;0,94
28/06/2002;0,94
01/07/2002;0,932
02/07/2002;0,932
03/07/2002;0,92
04/07/2002;0,92
05/07/2002;0,912
08/07/2002;0,908
09/07/2002;0,908
10/07/2002;0,908
11/07/2002;0,896
12/07/2002;0,892
15/07/2002;0,888
16/07/2002;0,88
17/07/2002;0,884
18/07/2002;0,884
19/07/2002;0,876
22/07/2002;0,88
23/07/2002;0,88
24/07/2002;0,876
25/07/2002;0,872
26/07/2002;0,876
29/07/2002;0,872
30/07/2002;0,868
31/07/2002;0,864
01/08/2002;0,852
02/08/2002;0,852
05/08/2002;0,856
06/08/2002;0,848
07/08/2002;0,844
08/08/2002;0,832
09/08/2002;0,836
12/08/2002;0,82
13/08/2002;0,796
14/08/2002;0,796
15/08/2002;0,8
16/08/2002;0,804
19/08/2002;0,708
20/08/2002;0,688
21/08/2002;0,68
22/08/2002;0,672
23/08/2002;0,672
26/08/2002;0,652
27/08/2002;0,648
28/08/2002;0,644
29/08/2002;0,64
30/08/2002;0,628
02/09/2002;0,588
03/09/2002;0,584
04/09/2002;0,572
05/09/2002;0,564
06/09/2002;0,548
09/09/2002;0,524
10/09/2002;0,496
11/09/2002;0,488
12/09/2002;0,484
13/09/2002;0,464
16/09/2002;0,444
17/09/2002;0,432
18/09/2002;0,432
19/09/2002;0,424
20/09/2002;0,44
23/09/2002;0,428
24/09/2002;0,424
25/09/2002;0,42
26/09/2002;0,4
27/09/2002;0,292
30/09/2002;0,284
01/10/2002;0,252
02/10/2002;0,2
03/10/2002;0,2
04/10/2002;0,204
07/10/2002;0,196
08/10/2002;0,18
09/10/2002;0,164
10/10/2002;0,128
11/10/2002;0,084
14/10/2002;0,028
15/10/2002;0
16/10/2002;0
17/10/2002;0
18/10/2002;0
21/10/2002;0
22/10/2002;0
23/10/2002;0
24/10/2002;0
25/10/2002;0
28/10/2002;0
29/10/2002;0
30/10/2002;0
31/10/2002;0
01/11/2002;0
04/11/2002;0
05/11/2002;0
06/11/2002;0
07/11/2002;0
08/11/2002;0
11/11/2002;0
12/11/2002;0
13/11/2002;0
14/11/2002;0
18/11/2002;0
19/11/2002;0
20/11/2002;0
21/11/2002;0
22/11/2002;0
25/11/2002;0
26/11/2002;0
27/11/2002;0
28/11/2002;0
29/11/2002;0
02/12/2002;0
03/12/2002;0
04/12/2002;0
05/12/2002;0
06/12/2002;0
09/12/2002;0
10/12/2002;0
11/12/2002;0
12/12/2002;0
13/12/2002;0
16/12/2002;0
17/12/2002;0
18/12/2002;0
19/12/2002;0
20/12/2002;0
23/12/2002;0
24/12/2002;0
26/12/2002;0
27/12/2002;0
30/12/2002;0
31/12/2002;0
02/01/2003;0
03/01/2003;0
06/01/2003;0
07/01/2003;0
08/01/2003;0
09/01/2003;0
10/01/2003;0
13/01/2003;0
14/01/2003;0
15/01/2003;0
16/01/2003;0
17/01/2003;0
20/01/2003;0,016
21/01/2003;0,016
22/01/2003;0,024
23/01/2003;0
24/01/2003;0
27/01/2003;0
28/01/2003;0
29/01/2003;0
30/01/2003;0,004
31/01/2003;0
03/02/2003;0
04/02/2003;0
05/02/2003;0
06/02/2003;0,008
07/02/2003;0,016
10/02/2003;0,012
11/02/2003;0,012
12/02/2003;0,012
13/02/2003;0,016
14/02/2003;0
17/02/2003;0
18/02/2003;0
19/02/2003;0
20/02/2003;0
21/02/2003;0
24/02/2003;0
25/02/2003;0
26/02/2003;0
27/02/2003;0
28/02/2003;0
05/03/2003;0
06/03/2003;0
07/03/2003;0
10/03/2003;0
11/03/2003;0
12/03/2003;0
13/03/2003;0
14/03/2003;0
17/03/2003;0
18/03/2003;0
19/03/2003;0
20/03/2003;0
21/03/2003;0
24/03/2003;0,012
25/03/2003;0,028
26/03/2003;0,028
27/03/2003;0,028
28/03/2003;0,028
31/03/2003;0,028
01/04/2003;0,028
02/04/2003;0,016
03/04/2003;0,028
04/04/2003;0,056
07/04/2003;0,076
08/04/2003;0,076
09/04/2003;0,096
10/04/2003;0,088
11/04/2003;0,084
14/04/2003;0,076
15/04/2003;0,08
16/04/2003;0,08
17/04/2003;0,08
22/04/2003;0,072
23/04/2003;0,084
24/04/2003;0,084
25/04/2003;0,092
28/04/2003;0,084
29/04/2003;0,088
30/04/2003;0,096
02/05/2003;0,1
05/05/2003;0,096
06/05/2003;0,1
07/05/2003;0,104
08/05/2003;0,132
09/05/2003;0,132
12/05/2003;0,156
13/05/2003;0,172
14/05/2003;0,172
15/05/2003;0,176
16/05/2003;0,196
19/05/2003;0,2
20/05/2003;0,224
21/05/2003;0,228
22/05/2003;0,232
23/05/2003;0,224
26/05/2003;0,232
27/05/2003;0,232
28/05/2003;0,232
29/05/2003;0,232
30/05/2003;0,236
02/06/2003;0,232
03/06/2003;0,236
04/06/2003;0,236
05/06/2003;0,236
06/06/2003;0,24
09/06/2003;0,244
10/06/2003;0,244
11/06/2003;0,26
12/06/2003;0,26
13/06/2003;0,256
16/06/2003;0,228
17/06/2003;0,236
18/06/2003;0,236
20/06/2003;0,228
23/06/2003;0,268
24/06/2003;0,248
25/06/2003;0,272
26/06/2003;0,28
27/06/2003;0,296
30/06/2003;0,344
01/07/2003;0,368
02/07/2003;0,376
03/07/2003;0,384
04/07/2003;0,404
07/07/2003;0,416
08/07/2003;0,42
09/07/2003;0,42
10/07/2003;0,428
11/07/2003;0,432
14/07/2003;0,444
15/07/2003;0,448
16/07/2003;0,46
17/07/2003;0,5
18/07/2003;0,5
21/07/2003;0,48
22/07/2003;0,488
23/07/2003;0,492
24/07/2003;0,512
25/07/2003;0,52
28/07/2003;0,528
29/07/2003;0,528
30/07/2003;0,532
31/07/2003;0,536
01/08/2003;0,536
04/08/2003;0,524
05/08/2003;0,532
06/08/2003;0,532
07/08/2003;0,536
08/08/2003;0,536
11/08/2003;0,556
12/08/2003;0,556
13/08/2003;0,56
14/08/2003;0,576
15/08/2003;0,588
18/08/2003;0,596
19/08/2003;0,588
20/08/2003;0,604
21/08/2003;0,632
22/08/2003;0,62
25/08/2003;0,616
26/08/2003;0,62
27/08/2003;0,62
28/08/2003;0,62
29/08/2003;0,632
01/09/2003;0,636
02/09/2003;0,652
03/09/2003;0,652
04/09/2003;0,668
05/09/2003;0,676
08/09/2003;0,676
09/09/2003;0,68
10/09/2003;0,684
11/09/2003;0,684
12/09/2003;0,692
15/09/2003;0,692
16/09/2003;0,692
17/09/2003;0,696
18/09/2003;0,708
19/09/2003;0,708
22/09/2003;0,72
23/09/2003;0,724
24/09/2003;0,716
25/09/2003;0,72
26/09/2003;0,708
29/09/2003;0,704
30/09/2003;0,704
01/10/2003;0,708
02/10/2003;0,708
03/10/2003;0,7
06/10/2003;0,696
07/10/2003;0,696
08/10/2003;0,704
09/10/2003;0,708
10/10/2003;0,712
13/10/2003;0,712
14/10/2003;0,728
15/10/2003;0,728
16/10/2003;0,728
17/10/2003;0,724
20/10/2003;0,724
21/10/2003;0,74
22/10/2003;0,74
23/10/2003;0,74
24/10/2003;0,756
28/10/2003;0,756
29/10/2003;0,756
30/10/2003;0,756
31/10/2003;0,76
03/11/2003;0,76
04/11/2003;0,76
05/11/2003;0,764
06/11/2003;0,764
07/11/2003;0,764
10/11/2003;0,764
11/11/2003;0,768
12/11/2003;0,768
13/11/2003;0,776
14/11/2003;0,78
17/11/2003;0,788
18/11/2003;0,788
19/11/2003;0,788
20/11/2003;0,788
21/11/2003;0,804
24/11/2003;0,804
25/11/2003;0,804
26/11/2003;0,804
27/11/2003;0,808
28/11/2003;0,816
01/12/2003;0,82
02/12/2003;0,82
03/12/2003;0,82
04/12/2003;0,824
05/12/2003;0,824
08/12/2003;0,828
09/12/2003;0,828
10/12/2003;0,832
11/12/2003;0,832
12/12/2003;0,832
15/12/2003;0,848
16/12/2003;0,844
17/12/2003;0,848
18/12/2003;0,844
19/12/2003;0,848
22/12/2003;0,848
23/12/2003;0,848
26/12/2003;0,832
29/12/2003;0,832
30/12/2003;0,832
02/01/2004;0,715
05/01/2004;0,72
06/01/2004;0,715
07/01/2004;0,715
08/01/2004;0,73
09/01/2004;0,72
12/01/2004;0,745
14/01/2004;0,735
15/01/2004;0,735
16/01/2004;0,715
19/01/2004;0,715
20/01/2004;0,715
21/01/2004;0,715
22/01/2004;0,72
23/01/2004;0,72
26/01/2004;0,715
27/01/2004;0,705
28/01/2004;0,705
29/01/2004;0,705
30/01/2004;0,715
02/02/2004;0,72
03/02/2004;0,72
04/02/2004;0,715
05/02/2004;0,71
06/02/2004;0,715
09/02/2004;0,7
10/02/2004;0,705
11/02/2004;0,705
12/02/2004;0,705
13/02/2004;0,705
16/02/2004;0,7
17/02/2004;0,695
18/02/2004;0,695
19/02/2004;0,695
20/02/2004;0,7
25/02/2004;0,7
26/02/2004;0,695
27/02/2004;0,695
01/03/2004;0,695
02/03/2004;0,695
03/03/2004;0,695
04/03/2004;0,7
05/03/2004;0,7
08/03/2004;0,69
09/03/2004;0,69
10/03/2004;0,69
11/03/2004;0,7
12/03/2004;0,69
15/03/2004;0,695
16/03/2004;0,695
17/03/2004;0,695
18/03/2004;0,69
19/03/2004;0,69
22/03/2004;0,7
23/03/2004;0,69
24/03/2004;0,69
25/03/2004;0,69
26/03/2004;0,68
29/03/2004;0,685
30/03/2004;0,685
31/03/2004;0,685
01/04/2004;0,68
02/04/2004;0,68
05/04/2004;0,68
06/04/2004;0,68
07/04/2004;0,695
08/04/2004;0,695
12/04/2004;0,695
13/04/2004;0,695
14/04/2004;0,69
15/04/2004;0,69
16/04/2004;0,7
19/04/2004;0,695
20/04/2004;0,695
22/04/2004;0,695
23/04/2004;0,685
26/04/2004;0,68
27/04/2004;0,685
28/04/2004;0,685
29/04/2004;0,685
30/04/2004;0,68
03/05/2004;0,675
04/05/2004;0,675
05/05/2004;0,675
06/05/2004;0,675
07/05/2004;0,67
10/05/2004;0,67
11/05/2004;0,67
12/05/2004;0,665
13/05/2004;0,665
14/05/2004;0,66
17/05/2004;0,655
18/05/2004;0,655
19/05/2004;0,645
20/05/2004;0,635
21/05/2004;0,625
24/05/2004;0,62
25/05/2004;0,61
26/05/2004;0,615
27/05/2004;0,62
28/05/2004;0,615
31/05/2004;0,61
01/06/2004;0,6
02/06/2004;0,595
03/06/2004;0,59
04/06/2004;0,58
07/06/2004;0,575
08/06/2004;0,565
09/06/2004;0,56
11/06/2004;0,55
14/06/2004;0,55
15/06/2004;0,55
16/06/2004;0,55
17/06/2004;0,545
18/06/2004;0,545
21/06/2004;0,55
22/06/2004;0,545
23/06/2004;0,54
24/06/2004;0,54
25/06/2004;0,54
28/06/2004;0,545
29/06/2004;0,54
30/06/2004;0,535
01/07/2004;0,535
02/07/2004;0,52
05/07/2004;0,52
06/07/2004;0,48
07/07/2004;0,48
08/07/2004;0,475
09/07/2004;0,475
12/07/2004;0,475
13/07/2004;0,475
14/07/2004;0,475
15/07/2004;0,47
16/07/2004;0,48
19/07/2004;0,47
20/07/2004;0,465
21/07/2004;0,465
22/07/2004;0,455
23/07/2004;0,455
26/07/2004;0,45
27/07/2004;0,45
28/07/2004;0,445
29/07/2004;0,445
30/07/2004;0,455
02/08/2004;0,435
03/08/2004;0,43
04/08/2004;0,43
05/08/2004;0,43
06/08/2004;0,43
09/08/2004;0,42
10/08/2004;0,43
11/08/2004;0,42
12/08/2004;0,42
13/08/2004;0,435
16/08/2004;0,43
17/08/2004;0,43
18/08/2004;0,425
19/08/2004;0,425
20/08/2004;0,42
23/08/2004;0,42
24/08/2004;0,42
25/08/2004;0,415
26/08/2004;0,415
27/08/2004;0,415
30/08/2004;0,42
31/08/2004;0,415
01/09/2004;0,395
02/09/2004;0,39
03/09/2004;0,38
06/09/2004;0,38
08/09/2004;0,37
09/09/2004;0,365
10/09/2004;0,36
13/09/2004;0,345
14/09/2004;0,36
15/09/2004;0,36
16/09/2004;0,345
17/09/2004;0,32
20/09/2004;0,34
21/09/2004;0,335
22/09/2004;0,335
23/09/2004;0,335
24/09/2004;0,33
27/09/2004;0,33
28/09/2004;0,325
29/09/2004;0,325
30/09/2004;0,325
01/10/2004;0,315
04/10/2004;0,31
05/10/2004;0,315
06/10/2004;0,315
07/10/2004;0,32
08/10/2004;0,315
11/10/2004;0,315
13/10/2004;0,315
14/10/2004;0,315
15/10/2004;0,315
18/10/2004;0,315
19/10/2004;0,315
20/10/2004;0,315
21/10/2004;0,315
22/10/2004;0,3
25/10/2004;0,305
26/10/2004;0,305
27/10/2004;0,305
28/10/2004;0,305
29/10/2004;0,305
03/11/2004;0,29
04/11/2004;0,29
05/11/2004;0,295
08/11/2004;0,3
09/11/2004;0,3
10/11/2004;0,3
11/11/2004;0,295
12/11/2004;0,3
16/11/2004;0,295
17/11/2004;0,295
18/11/2004;0,29
19/11/2004;0,295
22/11/2004;0,29
23/11/2004;0,285
24/11/2004;0,29
25/11/2004;0,3
26/11/2004;0,3
29/11/2004;0,305
30/11/2004;0,305
01/12/2004;0,305
02/12/2004;0,31
03/12/2004;0,31
06/12/2004;0,315
07/12/2004;0,315
08/12/2004;0,325
09/12/2004;0,325
10/12/2004;0,34
13/12/2004;0,335
14/12/2004;0,335
15/12/2004;0,335
16/12/2004;0,34
17/12/2004;0,345
20/12/2004;0,36
21/12/2004;0,36
22/12/2004;0,365
23/12/2004;0,365
27/12/2004;0,365
28/12/2004;0,37
29/12/2004;0,375
30/12/2004;0,38
03/01/2005;0,725
04/01/2005;0,725
05/01/2005;0,725
06/01/2005;0,715
07/01/2005;0,72
10/01/2005;0,72
11/01/2005;0,72
12/01/2005;0,72
13/01/2005;0,73
14/01/2005;0,745
17/01/2005;0,75
18/01/2005;0,74
19/01/2005;0,74
20/01/2005;0,73
21/01/2005;0,735
24/01/2005;0,745
25/01/2005;0,745
26/01/2005;0,745
27/01/2005;0,72
28/01/2005;0,72
31/01/2005;0,72
01/02/2005;0,72
02/02/2005;0,72
03/02/2005;0,715
04/02/2005;0,72
09/02/2005;0,72
10/02/2005;0,73
11/02/2005;0,73
14/02/2005;0,73
15/02/2005;0,73
16/02/2005;0,73
17/02/2005;0,73
18/02/2005;0,725
21/02/2005;0,73
22/02/2005;0,73
23/02/2005;0,735
24/02/2005;0,735
25/02/2005;0,735
28/02/2005;0,74
01/03/2005;0,745
02/03/2005;0,745
03/03/2005;0,745
04/03/2005;0,74
07/03/2005;0,75
08/03/2005;0,75
09/03/2005;0,74
10/03/2005;0,74
11/03/2005;0,74
14/03/2005;0,735
15/03/2005;0,735
16/03/2005;0,735
17/03/2005;0,735
18/03/2005;0,735
21/03/2005;0,74
22/03/2005;0,74
23/03/2005;0,735
24/03/2005;0,725
28/03/2005;0,725
29/03/2005;0,725
30/03/2005;0,725
31/03/2005;0,725
01/04/2005;0,73
04/04/2005;0,72
05/04/2005;0,72
06/04/2005;0,71
07/04/2005;0,71
08/04/2005;0,72
11/04/2005;0,715
12/04/2005;0,715
13/04/2005;0,715
14/04/2005;0,71
15/04/2005;0,705
18/04/2005;0,71
19/04/2005;0,71
20/04/2005;0,71
22/04/2005;0,715
25/04/2005;0,71
26/04/2005;0,71
27/04/2005;0,71
28/04/2005;0,705
29/04/2005;0,695
02/05/2005;0,695
03/05/2005;0,695
04/05/2005;0,69
05/05/2005;0,685
06/05/2005;0,69
09/05/2005;0,69
10/05/2005;0,69
11/05/2005;0,685
12/05/2005;0,685
13/05/2005;0,685
16/05/2005;0,68
17/05/2005;0,68
18/05/2005;0,69
19/05/2005;0,69
20/05/2005;0,685
23/05/2005;0,69
24/05/2005;0,68
25/05/2005;0,69
27/05/2005;0,69
30/05/2005;0,695
31/05/2005;0,7
01/06/2005;0,7
02/06/2005;0,695
03/06/2005;0,695
06/06/2005;0,695
07/06/2005;0,69
08/06/2005;0,695
09/06/2005;0,695
10/06/2005;0,7
13/06/2005;0,7
14/06/2005;0,7
15/06/2005;0,705
16/06/2005;0,705
17/06/2005;0,705
20/06/2005;0,71
21/06/2005;0,71
22/06/2005;0,715
23/06/2005;0,72
24/06/2005;0,72
27/06/2005;0,72
28/06/2005;0,72
29/06/2005;0,72
30/06/2005;0,72
01/07/2005;0,72
04/07/2005;0,73
05/07/2005;0,73
06/07/2005;0,725
07/07/2005;0,73
08/07/2005;0,725
11/07/2005;0,725
12/07/2005;0,73
13/07/2005;0,735
14/07/2005;0,735
15/07/2005;0,735
18/07/2005;0,735
19/07/2005;0,735
20/07/2005;0,73
21/07/2005;0,74
22/07/2005;0,74
25/07/2005;0,74
26/07/2005;0,74
27/07/2005;0,745
28/07/2005;0,745
29/07/2005;0,75
01/08/2005;0,75
02/08/2005;0,755
03/08/2005;0,775
04/08/2005;0,78
05/08/2005;0,78
08/08/2005;0,785
09/08/2005;0,79
10/08/2005;0,795
11/08/2005;0,8
12/08/2005;0,805
15/08/2005;0,805
16/08/2005;0,805
17/08/2005;0,81
18/08/2005;0,81
19/08/2005;0,81
22/08/2005;0,82
23/08/2005;0,82
24/08/2005;0,815
25/08/2005;0,815
26/08/2005;0,82
29/08/2005;0,825
30/08/2005;0,825
31/08/2005;0,83
01/09/2005;0,83
02/09/2005;0,835
05/09/2005;0,85
06/09/2005;0,85
08/09/2005;0,85
09/09/2005;0,86
12/09/2005;0,865
13/09/2005;0,865
14/09/2005;0,865
15/09/2005;0,87
16/09/2005;0,87
19/09/2005;0,875
20/09/2005;0,875
21/09/2005;0,885
22/09/2005;0,89
23/09/2005;0,9
26/09/2005;0,895
27/09/2005;0,895
28/09/2005;0,9
29/09/2005;0,905
30/09/2005;0,905
03/10/2005;0,9
04/10/2005;0,9
05/10/2005;0,9
06/10/2005;0,905
07/10/2005;0,9
10/10/2005;0,9
11/10/2005;0,9
13/10/2005;0,9
14/10/2005;0,905
17/10/2005;0,91
18/10/2005;0,91
19/10/2005;0,91
20/10/2005;0,92
21/10/2005;0,92
24/10/2005;0,92
25/10/2005;0,925
26/10/2005;0,925
27/10/2005;0,93
28/10/2005;0,935
31/10/2005;0,94
01/11/2005;0,94
03/11/2005;0,94
04/11/2005;0,94
07/11/2005;0,935
08/11/2005;0,94
09/11/2005;0,94
10/11/2005;0,94
11/11/2005;0,94
14/11/2005;0,94
16/11/2005;0,94
17/11/2005;0,945
18/11/2005;0,945
21/11/2005;0,955
22/11/2005;0,955
23/11/2005;0,955
24/11/2005;0,95
25/11/2005;0,955
28/11/2005;0,955
29/11/2005;0,955
30/11/2005;0,955
01/12/2005;0,955
02/12/2005;0,955
05/12/2005;0,96
06/12/2005;0,96
07/12/2005;0,97
08/12/2005;0,97
09/12/2005;0,96
12/12/2005;0,97
13/12/2005;0,97
14/12/2005;0,97
15/12/2005;0,97
16/12/2005;0,975
19/12/2005;0,975
20/12/2005;0,975
21/12/2005;0,98
22/12/2005;0,985
23/12/2005;0,985
26/12/2005;0,985
27/12/2005;0,99
28/12/2005;0,99
29/12/2005;0,975
30/12/2005;0,975
02/01/2006;0,98
03/01/2006;0,98
04/01/2006;0,98
05/01/2006;0,975
06/01/2006;0,975
09/01/2006;0,975
10/01/2006;0,975
11/01/2006;0,98
12/01/2006;0,975
13/01/2006;0,975
16/01/2006;0,98
17/01/2006;0,98
18/01/2006;0,98
19/01/2006;0,98
20/01/2006;0,98
23/01/2006;0,995
24/01/2006;0,995
25/01/2006;0,995
26/01/2006;1
27/01/2006;1
30/01/2006;0,995
31/01/2006;0,995
01/02/2006;1
02/02/2006;1
03/02/2006;0,99
06/02/2006;1
07/02/2006;1
08/02/2006;0,99
09/02/2006;0,99
10/02/2006;0,995
13/02/2006;0,995
14/02/2006;0,995
15/02/2006;0,995
16/02/2006;0,995
17/02/2006;0,995
20/02/2006;0,995
21/02/2006;1
22/02/2006;1
23/02/2006;1
24/02/2006;1
01/03/2006;1
02/03/2006;1
03/03/2006;1
06/03/2006;1
07/03/2006;1
08/03/2006;1
09/03/2006;0,995
10/03/2006;0,995
13/03/2006;0,995
14/03/2006;0,995
15/03/2006;1
16/03/2006;1
17/03/2006;0,995
20/03/2006;0,995
21/03/2006;0,995
22/03/2006;0,995
23/03/2006;0,995
24/03/2006;0,995
27/03/2006;0,995
28/03/2006;0,995
29/03/2006;0,995
30/03/2006;0,995
31/03/2006;0,995
03/04/2006;0,995
04/04/2006;1
05/04/2006;1
06/04/2006;0,995
07/04/2006;0,995
10/04/2006;0,995
11/04/2006;0,995
12/04/2006;0,995
13/04/2006;0,995
17/04/2006;0,995
18/04/2006;0,995
19/04/2006;0,995
20/04/2006;1
24/04/2006;0,995
25/04/2006;1
26/04/2006;0,995
27/04/2006;0,995
28/04/2006;0,995
02/05/2006;0,995
03/05/2006;0,995
04/05/2006;0,995
05/05/2006;0,995
08/05/2006;0,995
09/05/2006;0,995
10/05/2006;0,995
11/05/2006;0,995
12/05/2006;0,995
15/05/2006;0,995
16/05/2006;0,995
17/05/2006;0,995
18/05/2006;0,995
19/05/2006;0,995
22/05/2006;0,995
23/05/2006;0,995
24/05/2006;0,995
25/05/2006;0,995
26/05/2006;0,995
29/05/2006;0,995
30/05/2006;0,995
31/05/2006;0,995
01/06/2006;0,995
02/06/2006;0,995
05/06/2006;1
06/06/2006;1
07/06/2006;1
08/06/2006;1
09/06/2006;1
12/06/2006;1
13/06/2006;1
14/06/2006;1
16/06/2006;1
19/06/2006;1
20/06/2006;0,995
21/06/2006;0,995
22/06/2006;0,995
23/06/2006;0,995
26/06/2006;1
27/06/2006;1
28/06/2006;1
29/06/2006;1
30/06/2006;1
03/07/2006;1
04/07/2006;1
05/07/2006;0,995
06/07/2006;0,995
07/07/2006;0,995
10/07/2006;1
11/07/2006;1
12/07/2006;1
13/07/2006;1
14/07/2006;1
17/07/2006;0,995
18/07/2006;0,995
19/07/2006;0,995
20/07/2006;0,995
21/07/2006;0,995
24/07/2006;0,995
25/07/2006;0,995
26/07/2006;0,995
27/07/2006;0,995
28/07/2006;0,99
31/07/2006;0,99
01/08/2006;0,985
02/08/2006;0,985
03/08/2006;0,985
04/08/2006;0,985
07/08/2006;0,985
08/08/2006;0,985
09/08/2006;0,98
10/08/2006;0,985
11/08/2006;0,98
14/08/2006;0,98
15/08/2006;0,98
16/08/2006;0,98
17/08/2006;0,98
18/08/2006;0,975
21/08/2006;0,975
22/08/2006;0,97
23/08/2006;0,97
24/08/2006;0,97
25/08/2006;0,97
28/08/2006;0,97
29/08/2006;0,97
30/08/2006;0,97
31/08/2006;0,965
01/09/2006;0,965
04/09/2006;0,96
05/09/2006;0,96
06/09/2006;0,95
08/09/2006;0,935
11/09/2006;0,93
12/09/2006;0,93
13/09/2006;0,93
14/09/2006;0,93
15/09/2006;0,925
18/09/2006;0,92
19/09/2006;0,92
20/09/2006;0,915
21/09/2006;0,905
22/09/2006;0,9
25/09/2006;0,895
26/09/2006;0,895
27/09/2006;0,89
28/09/2006;0,89
29/09/2006;0,885
02/10/2006;0,885
03/10/2006;0,88
04/10/2006;0,87
05/10/2006;0,865
06/10/2006;0,86
09/10/2006;0,86
10/10/2006;0,855
11/10/2006;0,855
13/10/2006;0,85
16/10/2006;0,85
17/10/2006;0,85
18/10/2006;0,85
19/10/2006;0,85
20/10/2006;0,845
23/10/2006;0,84
24/10/2006;0,84
25/10/2006;0,845
26/10/2006;0,845
27/10/2006;0,845
30/10/2006;0,845
31/10/2006;0,84
01/11/2006;0,845
03/11/2006;0,845
06/11/2006;0,845
07/11/2006;0,845
08/11/2006;0,845
09/11/2006;0,845
10/11/2006;0,84
13/11/2006;0,835
14/11/2006;0,835
16/11/2006;0,835
17/11/2006;0,825
20/11/2006;0,825
21/11/2006;0,825
22/11/2006;0,825
23/11/2006;0,82
24/11/2006;0,82
27/11/2006;0,815
28/11/2006;0,815
29/11/2006;0,815
30/11/2006;0,815
01/12/2006;0,81
04/12/2006;0,805
05/12/2006;0,805
06/12/2006;0,81
07/12/2006;0,805
08/12/2006;0,795
11/12/2006;0,795
12/12/2006;0,795
13/12/2006;0,795
14/12/2006;0,795
15/12/2006;0,785
18/12/2006;0,785
19/12/2006;0,775
20/12/2006;0,775
21/12/2006;0,77
22/12/2006;0,77
26/12/2006;0,77
27/12/2006;0,77
28/12/2006;0,765
29/12/2006;0,76
02/01/2007;0,855
03/01/2007;0,855
04/01/2007;0,855
05/01/2007;0,855
08/01/2007;0,855
09/01/2007;0,855
10/01/2007;0,855
11/01/2007;0,85
12/01/2007;0,845
15/01/2007;0,83
16/01/2007;0,835
17/01/2007;0,835
18/01/2007;0,835
19/01/2007;0,835
22/01/2007;0,83
23/01/2007;0,825
24/01/2007;0,825
25/01/2007;0,825
26/01/2007;0,825
29/01/2007;0,825
30/01/2007;0,825
31/01/2007;0,825
01/02/2007;0,82
02/02/2007;0,82
05/02/2007;0,82
06/02/2007;0,82
07/02/2007;0,82
08/02/2007;0,82
09/02/2007;0,82
12/02/2007;0,825
13/02/2007;0,825
14/02/2007;0,825
15/02/2007;0,83
16/02/2007;0,83
21/02/2007;0,83
22/02/2007;0,83
23/02/2007;0,82
26/02/2007;0,825
27/02/2007;0,825
28/02/2007;0,83
01/03/2007;0,825
02/03/2007;0,82
05/03/2007;0,825
06/03/2007;0,825
07/03/2007;0,825
08/03/2007;0,825
09/03/2007;0,825
12/03/2007;0,825
13/03/2007;0,825
14/03/2007;0,825
15/03/2007;0,825
16/03/2007;0,825
19/03/2007;0,825
20/03/2007;0,825
21/03/2007;0,825
22/03/2007;0,82
23/03/2007;0,82
26/03/2007;0,82
27/03/2007;0,82
28/03/2007;0,82
29/03/2007;0,82
30/03/2007;0,815
02/04/2007;0,815
03/04/2007;0,815
04/04/2007;0,81
05/04/2007;0,81
09/04/2007;0,805
10/04/2007;0,805
11/04/2007;0,805
12/04/2007;0,805
13/04/2007;0,795
16/04/2007;0,79
17/04/2007;0,79
18/04/2007;0,79
19/04/2007;0,79
20/04/2007;0,785
23/04/2007;0,78
24/04/2007;0,785
25/04/2007;0,785
26/04/2007;0,775
27/04/2007;0,765
30/04/2007;0,765
02/05/2007;0,76
03/05/2007;0,76
04/05/2007;0,75
07/05/2007;0,745
08/05/2007;0,745
09/05/2007;0,745
10/05/2007;0,745
11/05/2007;0,745
14/05/2007;0,735
15/05/2007;0,74
16/05/2007;0,74
17/05/2007;0,74
18/05/2007;0,73
21/05/2007;0,725
22/05/2007;0,73
23/05/2007;0,72
24/05/2007;0,72
25/05/2007;0,705
28/05/2007;0,705
29/05/2007;0,705
30/05/2007;0,705
31/05/2007;0,705
01/06/2007;0,705
04/06/2007;0,705
05/06/2007;0,7
06/06/2007;0,7
08/06/2007;0,7
11/06/2007;0,7
12/06/2007;0,7
13/06/2007;0,7
14/06/2007;0,7
15/06/2007;0,695
18/06/2007;0,685
19/06/2007;0,69
20/06/2007;0,69
21/06/2007;0,695
22/06/2007;0,695
25/06/2007;0,695
26/06/2007;0,695
27/06/2007;0,695
28/06/2007;0,7
29/06/2007;0,705
02/07/2007;0,71
03/07/2007;0,71
04/07/2007;0,705
05/07/2007;0,705
06/07/2007;0,715
09/07/2007;0,715
10/07/2007;0,715
11/07/2007;0,715
12/07/2007;0,715
13/07/2007;0,715
16/07/2007;0,715
17/07/2007;0,715
18/07/2007;0,715
19/07/2007;0,72
20/07/2007;0,73
23/07/2007;0,73
24/07/2007;0,73
25/07/2007;0,73
26/07/2007;0,73
27/07/2007;0,735
30/07/2007;0,735
31/07/2007;0,73
01/08/2007;0,73
02/08/2007;0,73
03/08/2007;0,73
06/08/2007;0,725
07/08/2007;0,725
08/08/2007;0,725
09/08/2007;0,73
10/08/2007;0,73
13/08/2007;0,735
14/08/2007;0,735
15/08/2007;0,74
16/08/2007;0,74
17/08/2007;0,74
20/08/2007;0,745
21/08/2007;0,745
22/08/2007;0,75
23/08/2007;0,755
24/08/2007;0,755
27/08/2007;0,745
28/08/2007;0,745
29/08/2007;0,75
30/08/2007;0,75
31/08/2007;0,75
03/09/2007;0,75
04/09/2007;0,75
05/09/2007;0,76
06/09/2007;0,76
10/09/2007;0,765
11/09/2007;0,77
12/09/2007;0,77
13/09/2007;0,77
14/09/2007;0,775
17/09/2007;0,78
18/09/2007;0,775
19/09/2007;0,785
20/09/2007;0,79
21/09/2007;0,79
24/09/2007;0,79
25/09/2007;0,79
26/09/2007;0,79
27/09/2007;0,79
28/09/2007;0,8
01/10/2007;0,8
02/10/2007;0,805
03/10/2007;0,805
04/10/2007;0,805
05/10/2007;0,805
08/10/2007;0,805
09/10/2007;0,805
10/10/2007;0,8
11/10/2007;0,8
15/10/2007;0,8
16/10/2007;0,8
17/10/2007;0,795
18/10/2007;0,795
19/10/2007;0,795
22/10/2007;0,805
23/10/2007;0,8
24/10/2007;0,805
25/10/2007;0,805
26/10/2007;0,805
29/10/2007;0,805
30/10/2007;0,8
31/10/2007;0,8
01/11/2007;0,8
05/11/2007;0,79
06/11/2007;0,79
07/11/2007;0,79
08/11/2007;0,785
09/11/2007;0,78
12/11/2007;0,78
13/11/2007;0,78
14/11/2007;0,78
16/11/2007;0,78
19/11/2007;0,78
20/11/2007;0,78
21/11/2007;0,78
22/11/2007;0,785
23/11/2007;0,785
26/11/2007;0,78
27/11/2007;0,78
28/11/2007;0,78
29/11/2007;0,78
30/11/2007;0,78
03/12/2007;0,78
04/12/2007;0,78
05/12/2007;0,78
06/12/2007;0,785
07/12/2007;0,79
10/12/2007;0,79
11/12/2007;0,805
12/12/2007;0,805
13/12/2007;0,805
14/12/2007;0,81
17/12/2007;0,82
18/12/2007;0,825
19/12/2007;0,85
20/12/2007;0,86
21/12/2007;0,865
24/12/2007;0,875
26/12/2007;0,875
27/12/2007;0,88
28/12/2007;0,885
31/12/2007;0,89
02/01/2008;0,81
03/01/2008;0,815
04/01/2008;0,815
07/01/2008;0,815
08/01/2008;0,81
09/01/2008;0,815
10/01/2008;0,81
11/01/2008;0,81
14/01/2008;0,82
15/01/2008;0,825
16/01/2008;0,825
17/01/2008;0,825
18/01/2008;0,83
21/01/2008;0,825
22/01/2008;0,83
23/01/2008;0,835
24/01/2008;0,84
25/01/2008;0,84
28/01/2008;0,835
29/01/2008;0,845
30/01/2008;0,845
31/01/2008;0,845
01/02/2008;0,85
06/02/2008;0,85
07/02/2008;0,855
08/02/2008;0,855
11/02/2008;0,86
12/02/2008;0,86
13/02/2008;0,86
14/02/2008;0,86
15/02/2008;0,865
18/02/2008;0,865
19/02/2008;0,87
20/02/2008;0,87
21/02/2008;0,87
22/02/2008;0,87
25/02/2008;0,88
26/02/2008;0,88
27/02/2008;0,88
28/02/2008;0,885
29/02/2008;0,885
03/03/2008;0,88
04/03/2008;0,88
05/03/2008;0,885
06/03/2008;0,885
07/03/2008;0,885
10/03/2008;0,885
11/03/2008;0,885
12/03/2008;0,885
13/03/2008;0,88
14/03/2008;0,885
17/03/2008;0,885
18/03/2008;0,885
19/03/2008;0,89
20/03/2008;0,89
24/03/2008;0,89
25/03/2008;0,9
26/03/2008;0,9
27/03/2008;0,905
28/03/2008;0,905
31/03/2008;0,905
01/04/2008;0,905
02/04/2008;0,905
03/04/2008;0,91
04/04/2008;0,905
07/04/2008;0,91
08/04/2008;0,91
09/04/2008;0,915
10/04/2008;0,915
11/04/2008;0,92
14/04/2008;0,92
15/04/2008;0,92
16/04/2008;0,925
17/04/2008;0,915
18/04/2008;0,925
22/04/2008;0,925
23/04/2008;0,925
24/04/2008;0,93
25/04/2008;0,93
28/04/2008;0,93
29/04/2008;0,93
30/04/2008;0,93
02/05/2008;0,935
05/05/2008;0,94
06/05/2008;0,94
07/05/2008;0,94
08/05/2008;0,945
09/05/2008;0,95
12/05/2008;0,95
13/05/2008;0,955
14/05/2008;0,965
15/05/2008;0,975
16/05/2008;0,985
19/05/2008;0,985
20/05/2008;0,985
21/05/2008;0,98
23/05/2008;0,975
26/05/2008;0,97
27/05/2008;0,96
28/05/2008;0,96
29/05/2008;0,965
30/05/2008;0,96
02/06/2008;0,955
03/06/2008;0,95
04/06/2008;0,95
05/06/2008;0,95
06/06/2008;0,945
09/06/2008;0,94
10/06/2008;0,94
11/06/2008;0,935
12/06/2008;0,93
13/06/2008;0,915
16/06/2008;0,9
17/06/2008;0,9
18/06/2008;0,89
19/06/2008;0,885
20/06/2008;0,875
23/06/2008;0,87
24/06/2008;0,865
25/06/2008;0,86
26/06/2008;0,86
27/06/2008;0,845
30/06/2008;0,84
01/07/2008;0,835
02/07/2008;0,835
03/07/2008;0,83
04/07/2008;0,82
07/07/2008;0,82
08/07/2008;0,82
09/07/2008;0,82
10/07/2008;0,815
11/07/2008;0,815
14/07/2008;0,805
15/07/2008;0,795
16/07/2008;0,795
17/07/2008;0,805
18/07/2008;0,805
21/07/2008;0,795
22/07/2008;0,795
23/07/2008;0,78
24/07/2008;0,785
25/07/2008;0,785
28/07/2008;0,785
29/07/2008;0,785
30/07/2008;0,785
31/07/2008;0,79
01/08/2008;0,79
04/08/2008;0,79
05/08/2008;0,785
06/08/2008;0,785
07/08/2008;0,785
08/08/2008;0,79
11/08/2008;0,8
12/08/2008;0,8
13/08/2008;0,795
14/08/2008;0,8
15/08/2008;0,8
18/08/2008;0,795
19/08/2008;0,8
20/08/2008;0,8
21/08/2008;0,795
22/08/2008;0,795
25/08/2008;0,795
26/08/2008;0,795
27/08/2008;0,795
28/08/2008;0,795
29/08/2008;0,8
01/09/2008;0,8
02/09/2008;0,795
03/09/2008;0,795
04/09/2008;0,795
05/09/2008;0,795
08/09/2008;0,795
09/09/2008;0,795
10/09/2008;0,795
11/09/2008;0,795
12/09/2008;0,795
15/09/2008;0,8
16/09/2008;0,8
17/09/2008;0,8
18/09/2008;0,8
19/09/2008;0,795
22/09/2008;0,8
23/09/2008;0,81
24/09/2008;0,81
25/09/2008;0,815
26/09/2008;0,815
29/09/2008;0,82
30/09/2008;0,83
01/10/2008;0,825
02/10/2008;0,83
03/10/2008;0,83
06/10/2008;0,84
07/10/2008;0,835
08/10/2008;0,835
09/10/2008;0,835
10/10/2008;0,835
13/10/2008;0,825
14/10/2008;0,825
15/10/2008;0,825
16/10/2008;0,825
17/10/2008;0,815
20/10/2008;0,81
21/10/2008;0,81
22/10/2008;0,775
23/10/2008;0,765
24/10/2008;0,745
27/10/2008;0,735
28/10/2008;0,735
29/10/2008;0,735
30/10/2008;0,715
31/10/2008;0,705
03/11/2008;0,695
04/11/2008;0,695
05/11/2008;0,695
06/11/2008;0,675
07/11/2008;0,67
10/11/2008;0,66
11/11/2008;0,655
12/11/2008;0,65
13/11/2008;0,65
14/11/2008;0,64
17/11/2008;0,645
18/11/2008;0,645
19/11/2008;0,645
20/11/2008;0,65
21/11/2008;0,65
24/11/2008;0,64
25/11/2008;0,63
26/11/2008;0,625
27/11/2008;0,625
28/11/2008;0,63
01/12/2008;0,625
02/12/2008;0,63
03/12/2008;0,635
04/12/2008;0,635
05/12/2008;0,635
08/12/2008;0,635
09/12/2008;0,64
10/12/2008;0,645
11/12/2008;0,645
12/12/2008;0,645
15/12/2008;0,645
16/12/2008;0,645
17/12/2008;0,655
18/12/2008;0,685
19/12/2008;0,695
22/12/2008;0,705
23/12/2008;0,705
24/12/2008;0,705
26/12/2008;0,71
29/12/2008;0,71
30/12/2008;0,715
31/12/2008;0,715
02/01/2009;0,98
05/01/2009;0,98
06/01/2009;0,98
07/01/2009;0,98
08/01/2009;0,975
09/01/2009;0,975
12/01/2009;0,98
13/01/2009;0,98
14/01/2009;0,985
15/01/2009;0,985
16/01/2009;0,99
19/01/2009;0,985
20/01/2009;0,985
21/01/2009;0,985
22/01/2009;0,985
23/01/2009;0,985
26/01/2009;0,985
27/01/2009;0,985
28/01/2009;0,985
29/01/2009;0,985
30/01/2009;0,985
02/02/2009;0,985
03/02/2009;0,99
04/02/2009;0,99
05/02/2009;0,99
06/02/2009;0,985
09/02/2009;0,985
10/02/2009;0,985
11/02/2009;0,985
12/02/2009;0,995
13/02/2009;0,995
16/02/2009;0,995
17/02/2009;0,99
18/02/2009;0,99
19/02/2009;0,99
20/02/2009;0,99
25/02/2009;0,99
26/02/2009;0,99
27/02/2009;0,995
02/03/2009;0,995
03/03/2009;0,995
04/03/2009;0,99
05/03/2009;0,985
06/03/2009;0,985
09/03/2009;0,98
10/03/2009;0,975
11/03/2009;0,975
12/03/2009;0,97
13/03/2009;0,965
16/03/2009;0,96
17/03/2009;0,955
18/03/2009;0,955
19/03/2009;0,95
20/03/2009;0,945
23/03/2009;0,93
24/03/2009;0,93
25/03/2009;0,93
26/03/2009;0,925
27/03/2009;0,925
30/03/2009;0,92
31/03/2009;0,92
01/04/2009;0,92
02/04/2009;0,915
03/04/2009;0,915
06/04/2009;0,91
07/04/2009;0,91
08/04/2009;0,905
09/04/2009;0,905
13/04/2009;0,91
14/04/2009;0,91
15/04/2009;0,91
16/04/2009;0,905
17/04/2009;0,895
20/04/2009;0,89
22/04/2009;0,885
23/04/2009;0,88
24/04/2009;0,88
27/04/2009;0,885
28/04/2009;0,885
29/04/2009;0,88
30/04/2009;0,88
04/05/2009;0,88
05/05/2009;0,885
06/05/2009;0,885
07/05/2009;0,885
08/05/2009;0,875
11/05/2009;0,885
12/05/2009;0,885
13/05/2009;0,885
14/05/2009;0,885
15/05/2009;0,885
18/05/2009;0,89
19/05/2009;0,89
20/05/2009;0,89
21/05/2009;0,885
22/05/2009;0,89
25/05/2009;0,885
26/05/2009;0,885
27/05/2009;0,885
28/05/2009;0,885
29/05/2009;0,88
01/06/2009;0,88
02/06/2009;0,88
03/06/2009;0,88
04/06/2009;0,88
05/06/2009;0,88
08/06/2009;0,885
09/06/2009;0,885
10/06/2009;0,88
12/06/2009;0,88
15/06/2009;0,88
16/06/2009;0,88
17/06/2009;0,88
18/06/2009;0,88
19/06/2009;0,885
22/06/2009;0,875
23/06/2009;0,885
24/06/2009;0,89
25/06/2009;0,895
26/06/2009;0,895
29/06/2009;0,905
30/06/2009;0,905
01/07/2009;0,905
02/07/2009;0,905
03/07/2009;0,905
06/07/2009;0,91
07/07/2009;0,91
08/07/2009;0,91
09/07/2009;0,91
10/07/2009;0,91
13/07/2009;0,915
14/07/2009;0,915
15/07/2009;0,915
16/07/2009;0,92
17/07/2009;0,92
20/07/2009;0,925
21/07/2009;0,93
22/07/2009;0,93
23/07/2009;0,925
24/07/2009;0,915
27/07/2009;0,905
28/07/2009;0,905
29/07/2009;0,905
30/07/2009;0,9
31/07/2009;0,895
03/08/2009;0,895
04/08/2009;0,895
05/08/2009;0,895
06/08/2009;0,895
07/08/2009;0,89
10/08/2009;0,895
11/08/2009;0,89
12/08/2009;0,89
13/08/2009;0,895
14/08/2009;0,895
17/08/2009;0,885
18/08/2009;0,885
19/08/2009;0,885
20/08/2009;0,885
21/08/2009;0,885
24/08/2009;0,895
25/08/2009;0,895
26/08/2009;0,895
27/08/2009;0,895
28/08/2009;0,895
31/08/2009;0,895
01/09/2009;0,895
02/09/2009;0,895
03/09/2009;0,895
04/09/2009;0,895
08/09/2009;0,895
09/09/2009;0,895
10/09/2009;0,905
11/09/2009;0,905
14/09/2009;0,905
15/09/2009;0,905
16/09/2009;0,905
17/09/2009;0,905
18/09/2009;0,905
21/09/2009;0,91
22/09/2009;0,92
23/09/2009;0,925
24/09/2009;0,925
25/09/2009;0,925
28/09/2009;0,93
29/09/2009;0,93
30/09/2009;0,935
01/10/2009;0,935
02/10/2009;0,935
05/10/2009;0,935
06/10/2009;0,935
07/10/2009;0,935
08/10/2009;0,94
09/10/2009;0,945
13/10/2009;0,95
14/10/2009;0,95
15/10/2009;0,95
16/10/2009;0,95
19/10/2009;0,955
20/10/2009;0,955
21/10/2009;0,955
22/10/2009;0,96
23/10/2009;0,96
26/10/2009;0,965
27/10/2009;0,965
28/10/2009;0,965
29/10/2009;0,96
30/10/2009;0,965
03/11/2009;0,965
04/11/2009;0,965
05/11/2009;0,965
06/11/2009;0,965
09/11/2009;0,965
10/11/2009;0,965
11/11/2009;0,96
12/11/2009;0,96
13/11/2009;0,955
16/11/2009;0,96
17/11/2009;0,96
18/11/2009;0,965
19/11/2009;0,965
20/11/2009;0,965
23/11/2009;0,96
24/11/2009;0,96
25/11/2009;0,96
26/11/2009;0,96
27/11/2009;0,96
30/11/2009;0,96
01/12/2009;0,96
02/12/2009;0,965
03/12/2009;0,965
04/12/2009;0,965
07/12/2009;0,965
08/12/2009;0,965
09/12/2009;0,965
10/12/2009;0,965
11/12/2009;0,97
14/12/2009;0,975
15/12/2009;0,975
16/12/2009;0,98
17/12/2009;0,98
18/12/2009;0,98
21/12/2009;0,98
22/12/2009;0,99
23/12/2009;0,99
24/12/2009;0,99
28/12/2009;0,985
29/12/2009;0,99
30/12/2009;0,99
31/12/2009;0,99
04/01/2010;0,955
05/01/2010;0,955
06/01/2010;0,955
07/01/2010;0,955
08/01/2010;0,96
11/01/2010;0,965
12/01/2010;0,965
13/01/2010;0,965
14/01/2010;0,965
15/01/2010;0,965
18/01/2010;0,96
19/01/2010;0,955
20/01/2010;0,95
21/01/2010;0,95
22/01/2010;0,945
25/01/2010;0,935
26/01/2010;0,935
27/01/2010;0,94
28/01/2010;0,94
29/01/2010;0,94
01/02/2010;0,94
02/02/2010;0,94
03/02/2010;0,935
04/02/2010;0,935
05/02/2010;0,935
08/02/2010;0,93
09/02/2010;0,93
10/02/2010;0,925
11/02/2010;0,93
12/02/2010;0,93
17/02/2010;0,925
18/02/2010;0,925
19/02/2010;0,925
22/02/2010;0,92
23/02/2010;0,92
24/02/2010;0,915
25/02/2010;0,915
26/02/2010;0,915
01/03/2010;0,915
02/03/2010;0,915
03/03/2010;0,915
04/03/2010;0,915
05/03/2010;0,915
08/03/2010;0,91
09/03/2010;0,91
10/03/2010;0,91
11/03/2010;0,905
12/03/2010;0,91
15/03/2010;0,91
16/03/2010;0,91
17/03/2010;0,91
18/03/2010;0,9
19/03/2010;0,88
22/03/2010;0,875
23/03/2010;0,875
24/03/2010;0,865
25/03/2010;0,865
26/03/2010;0,86
29/03/2010;0,855
30/03/2010;0,855
31/03/2010;0,855
01/04/2010;0,85
05/04/2010;0,85
06/04/2010;0,85
07/04/2010;0,845
08/04/2010;0,845
09/04/2010;0,84
12/04/2010;0,835
13/04/2010;0,835
14/04/2010;0,835
15/04/2010;0,83
16/04/2010;0,82
19/04/2010;0,815
20/04/2010;0,81
22/04/2010;0,81
23/04/2010;0,815
26/04/2010;0,815
27/04/2010;0,81
28/04/2010;0,81
29/04/2010;0,81
30/04/2010;0,81
03/05/2010;0,805
04/05/2010;0,805
05/05/2010;0,805
06/05/2010;0,805
07/05/2010;0,805
10/05/2010;0,815
11/05/2010;0,815
12/05/2010;0,81
13/05/2010;0,81
14/05/2010;0,81
17/05/2010;0,81
18/05/2010;0,805
19/05/2010;0,795
20/05/2010;0,795
21/05/2010;0,795
24/05/2010;0,79
25/05/2010;0,79
26/05/2010;0,79
27/05/2010;0,79
28/05/2010;0,8
31/05/2010;0,795
01/06/2010;0,795
02/06/2010;0,795
04/06/2010;0,8
07/06/2010;0,795
08/06/2010;0,795
09/06/2010;0,795
10/06/2010;0,795
11/06/2010;0,795
14/06/2010;0,8
15/06/2010;0,8
16/06/2010;0,8
17/06/2010;0,8
18/06/2010;0,795
21/06/2010;0,795
22/06/2010;0,795
23/06/2010;0,795
24/06/2010;0,795
25/06/2010;0,795
28/06/2010;0,795
29/06/2010;0,795
30/06/2010;0,795
01/07/2010;0,795
02/07/2010;0,795
05/07/2010;0,795
06/07/2010;0,795
07/07/2010;0,8
08/07/2010;0,8
09/07/2010;0,8
12/07/2010;0,8
13/07/2010;0,795
14/07/2010;0,795
15/07/2010;0,795
16/07/2010;0,795
19/07/2010;0,81
20/07/2010;0,805
21/07/2010;0,805
22/07/2010;0,805
23/07/2010;0,795
26/07/2010;0,79
27/07/2010;0,79
28/07/2010;0,79
29/07/2010;0,79
30/07/2010;0,785
02/08/2010;0,785
03/08/2010;0,785
04/08/2010;0,785
05/08/2010;0,78
06/08/2010;0,78
09/08/2010;0,78
10/08/2010;0,78
11/08/2010;0,78
12/08/2010;0,785
13/08/2010;0,79
16/08/2010;0,79
17/08/2010;0,785
18/08/2010;0,79
19/08/2010;0,78
20/08/2010;0,775
23/08/2010;0,78
24/08/2010;0,78
25/08/2010;0,775
26/08/2010;0,775
27/08/2010;0,775
30/08/2010;0,775
31/08/2010;0,775
01/09/2010;0,775
02/09/2010;0,775
03/09/2010;0,775
06/09/2010;0,785
08/09/2010;0,785
09/09/2010;0,775
10/09/2010;0,78
13/09/2010;0,77
14/09/2010;0,77
15/09/2010;0,765
16/09/2010;0,77
17/09/2010;0,765
20/09/2010;0,76
21/09/2010;0,76
22/09/2010;0,76
23/09/2010;0,755
24/09/2010;0,755
27/09/2010;0,755
28/09/2010;0,755
29/09/2010;0,755
30/09/2010;0,75
01/10/2010;0,755
04/10/2010;0,75
05/10/2010;0,75
06/10/2010;0,75
07/10/2010;0,75
08/10/2010;0,745
11/10/2010;0,745
13/10/2010;0,74
14/10/2010;0,74
15/10/2010;0,74
18/10/2010;0,745
19/10/2010;0,74
20/10/2010;0,74
21/10/2010;0,735
22/10/2010;0,74
25/10/2010;0,74
26/10/2010;0,74
27/10/2010;0,74
28/10/2010;0,735
29/10/2010;0,73
01/11/2010;0,725
03/11/2010;0,725
04/11/2010;0,725
05/11/2010;0,725
08/11/2010;0,725
09/11/2010;0,72
10/11/2010;0,72
11/11/2010;0,71
12/11/2010;0,705
16/11/2010;0,7
17/11/2010;0,695
18/11/2010;0,68
19/11/2010;0,675
22/11/2010;0,665
23/11/2010;0,66
24/11/2010;0,66
25/11/2010;0,65
26/11/2010;0,645
29/11/2010;0,64
30/11/2010;0,64
01/12/2010;0,635
02/12/2010;0,635
03/12/2010;0,625
06/12/2010;0,62
07/12/2010;0,615
08/12/2010;0,62
09/12/2010;0,615
10/12/2010;0,61
13/12/2010;0,61
14/12/2010;0,605
15/12/2010;0,605
16/12/2010;0,6
17/12/2010;0,595
20/12/2010;0,575
21/12/2010;0,575
22/12/2010;0,57
23/12/2010;0,565
24/12/2010;0,565
27/12/2010;0,565
28/12/2010;0,56
29/12/2010;0,56
30/12/2010;0,56
31/12/2010;0,56
03/01/2011;0,905
04/01/2011;0,905
05/01/2011;0,905
06/01/2011;0,915
07/01/2011;0,915
10/01/2011;0,915
11/01/2011;0,915
12/01/2011;0,91
13/01/2011;0,91
14/01/2011;0,905
17/01/2011;0,905
18/01/2011;0,9
19/01/2011;0,9
20/01/2011;0,89
21/01/2011;0,89
24/01/2011;0,885
25/01/2011;0,885
26/01/2011;0,885
27/01/2011;0,88
28/01/2011;0,875
31/01/2011;0,875
01/02/2011;0,875
02/02/2011;0,88
03/02/2011;0,885
04/02/2011;0,875
07/02/2011;0,87
08/02/2011;0,87
09/02/2011;0,86
10/02/2011;0,86
11/02/2011;0,855
14/02/2011;0,855
15/02/2011;0,85
16/02/2011;0,85
17/02/2011;0,85
18/02/2011;0,845
21/02/2011;0,845
22/02/2011;0,845
23/02/2011;0,84
24/02/2011;0,84
25/02/2011;0,835
28/02/2011;0,835
01/03/2011;0,835
02/03/2011;0,835
03/03/2011;0,825
04/03/2011;0,825
09/03/2011;0,82
10/03/2011;0,82
11/03/2011;0,815
14/03/2011;0,82
15/03/2011;0,815
16/03/2011;0,815
17/03/2011;0,815
18/03/2011;0,81
21/03/2011;0,8
22/03/2011;0,78
23/03/2011;0,78
24/03/2011;0,775
25/03/2011;0,775
28/03/2011;0,775
29/03/2011;0,775
30/03/2011;0,775
31/03/2011;0,76
01/04/2011;0,755
04/04/2011;0,755
05/04/2011;0,76
06/04/2011;0,755
07/04/2011;0,75
08/04/2011;0,74
11/04/2011;0,74
12/04/2011;0,73
13/04/2011;0,73
14/04/2011;0,73
15/04/2011;0,73
18/04/2011;0,73
19/04/2011;0,72
20/04/2011;0,715
25/04/2011;0,7
26/04/2011;0,71
27/04/2011;0,71
28/04/2011;0,715
29/04/2011;0,71
02/05/2011;0,71
03/05/2011;0,705
04/05/2011;0,705
05/05/2011;0,705
06/05/2011;0,7
09/05/2011;0,695
10/05/2011;0,69
11/05/2011;0,695
12/05/2011;0,695
13/05/2011;0,69
16/05/2011;0,685
17/05/2011;0,685
18/05/2011;0,685
19/05/2011;0,68
20/05/2011;0,675
23/05/2011;0,675
24/05/2011;0,675
25/05/2011;0,675
26/05/2011;0,675
27/05/2011;0,675
30/05/2011;0,67
31/05/2011;0,67
01/06/2011;0,67
02/06/2011;0,67
03/06/2011;0,67
06/06/2011;0,67
07/06/2011;0,67
08/06/2011;0,665
09/06/2011;0,67
10/06/2011;0,655
13/06/2011;0,66
14/06/2011;0,66
15/06/2011;0,66
16/06/2011;0,66
17/06/2011;0,655
20/06/2011;0,66
21/06/2011;0,665
22/06/2011;0,66
24/06/2011;0,665
27/06/2011;0,66
28/06/2011;0,66
29/06/2011;0,66
30/06/2011;0,665
01/07/2011;0,665
04/07/2011;0,66
05/07/2011;0,66
06/07/2011;0,665
07/07/2011;0,665
08/07/2011;0,665
11/07/2011;0,665
12/07/2011;0,665
13/07/2011;0,66
14/07/2011;0,66
15/07/2011;0,65
18/07/2011;0,65
19/07/2011;0,64
20/07/2011;0,64
21/07/2011;0,64
22/07/2011;0,645
25/07/2011;0,635
26/07/2011;0,635
27/07/2011;0,635
28/07/2011;0,63
29/07/2011;0,63
01/08/2011;0,63
02/08/2011;0,625
03/08/2011;0,625
04/08/2011;0,625
05/08/2011;0,63
08/08/2011;0,625
09/08/2011;0,625
10/08/2011;0,625
11/08/2011;0,625
12/08/2011;0,63
15/08/2011;0,635
16/08/2011;0,635
17/08/2011;0,635
18/08/2011;0,655
19/08/2011;0,66
22/08/2011;0,66
23/08/2011;0,66
24/08/2011;0,665
25/08/2011;0,66
26/08/2011;0,66
29/08/2011;0,66
30/08/2011;0,66
31/08/2011;0,66
01/09/2011;0,605
02/09/2011;0,585
05/09/2011;0,57
06/09/2011;0,555
08/09/2011;0,535
09/09/2011;0,525
12/09/2011;0,515
13/09/2011;0,51
14/09/2011;0,505
15/09/2011;0,5
16/09/2011;0,495
19/09/2011;0,48
20/09/2011;0,47
21/09/2011;0,47
22/09/2011;0,47
23/09/2011;0,47
26/09/2011;0,47
27/09/2011;0,465
28/09/2011;0,465
29/09/2011;0,46
30/09/2011;0,46
03/10/2011;0,46
04/10/2011;0,465
05/10/2011;0,465
06/10/2011;0,465
07/10/2011;0,46
10/10/2011;0,45
11/10/2011;0,445
13/10/2011;0,455
14/10/2011;0,45
17/10/2011;0,45
18/10/2011;0,45
19/10/2011;0,46
20/10/2011;0,46
21/10/2011;0,46
24/10/2011;0,455
25/10/2011;0,455
26/10/2011;0,465
27/10/2011;0,465
28/10/2011;0,465
31/10/2011;0,465
01/11/2011;0,465
03/11/2011;0,47
04/11/2011;0,475
07/11/2011;0,475
08/11/2011;0,47
09/11/2011;0,475
10/11/2011;0,475
11/11/2011;0,475
14/11/2011;0,47
16/11/2011;0,47
17/11/2011;0,47
18/11/2011;0,48
21/11/2011;0,48
22/11/2011;0,485
23/11/2011;0,485
24/11/2011;0,485
25/11/2011;0,48
28/11/2011;0,485
29/11/2011;0,49
30/11/2011;0,5
01/12/2011;0,52
02/12/2011;0,525
05/12/2011;0,53
06/12/2011;0,535
07/12/2011;0,535
08/12/2011;0,54
09/12/2011;0,545
12/12/2011;0,55
13/12/2011;0,55
14/12/2011;0,555
15/12/2011;0,555
16/12/2011;0,56
19/12/2011;0,565
20/12/2011;0,58
21/12/2011;0,585
22/12/2011;0,585
23/12/2011;0,59
26/12/2011;0,59
27/12/2011;0,59
28/12/2011;0,59
29/12/2011;0,59
30/12/2011;0,59
02/01/2012;0,72
03/01/2012;0,72
04/01/2012;0,72
05/01/2012;0,72
06/01/2012;0,72
09/01/2012;0,72
10/01/2012;0,715
11/01/2012;0,72
12/01/2012;0,72
13/01/2012;0,72
16/01/2012;0,71
17/01/2012;0,71
18/01/2012;0,705
19/01/2012;0,705
20/01/2012;0,705
23/01/2012;0,7
24/01/2012;0,695
25/01/2012;0,695
26/01/2012;0,685
27/01/2012;0,685
30/01/2012;0,675
31/01/2012;0,675
01/02/2012;0,675
02/02/2012;0,675
03/02/2012;0,67
06/02/2012;0,67
07/02/2012;0,66
08/02/2012;0,66
09/02/2012;0,66
10/02/2012;0,655
13/02/2012;0,65
14/02/2012;0,65
15/02/2012;0,65
16/02/2012;0,64
17/02/2012;0,64
22/02/2012;0,62
23/02/2012;0,625
24/02/2012;0,635
27/02/2012;0,63
28/02/2012;0,625
29/02/2012;0,625
01/03/2012;0,615
02/03/2012;0,62
05/03/2012;0,615
06/03/2012;0,615
07/03/2012;0,615
08/03/2012;0,565
09/03/2012;0,565
12/03/2012;0,545
13/03/2012;0,535
14/03/2012;0,53
15/03/2012;0,53
16/03/2012;0,535
19/03/2012;0,505
20/03/2012;0,515
21/03/2012;0,505
22/03/2012;0,5
23/03/2012;0,5
26/03/2012;0,495
27/03/2012;0,495
28/03/2012;0,495
29/03/2012;0,5
30/03/2012;0,495
02/04/2012;0,495
03/04/2012;0,49
04/04/2012;0,49
05/04/2012;0,485
09/04/2012;0,485
10/04/2012;0,49
11/04/2012;0,49
12/04/2012;0,485
13/04/2012;0,49
16/04/2012;0,49
17/04/2012;0,49
18/04/2012;0,495
19/04/2012;0,49
20/04/2012;0,49
23/04/2012;0,49
24/04/2012;0,49
25/04/2012;0,49
26/04/2012;0,49
27/04/2012;0,49
30/04/2012;0,48
02/05/2012;0,48
03/05/2012;0,48
04/05/2012;0,475
07/05/2012;0,465
08/05/2012;0,47
09/05/2012;0,465
10/05/2012;0,465
11/05/2012;0,465
14/05/2012;0,46
15/05/2012;0,455
16/05/2012;0,46
17/05/2012;0,46
18/05/2012;0,455
21/05/2012;0,445
22/05/2012;0,445
23/05/2012;0,445
24/05/2012;0,44
25/05/2012;0,44
28/05/2012;0,435
29/05/2012;0,435
30/05/2012;0,435
31/05/2012;0,435
01/06/2012;0,435
04/06/2012;0,435
05/06/2012;0,435
06/06/2012;0,44
08/06/2012;0,44
11/06/2012;0,44
12/06/2012;0,44
13/06/2012;0,445
14/06/2012;0,445
15/06/2012;0,45
18/06/2012;0,46
19/06/2012;0,46
20/06/2012;0,47
21/06/2012;0,47
22/06/2012;0,475
25/06/2012;0,47
26/06/2012;0,475
27/06/2012;0,48
28/06/2012;0,48
29/06/2012;0,48
02/07/2012;0,48
03/07/2012;0,48
04/07/2012;0,48
05/07/2012;0,485
06/07/2012;0,485
09/07/2012;0,485
10/07/2012;0,485
11/07/2012;0,485
12/07/2012;0,48
13/07/2012;0,485
16/07/2012;0,49
17/07/2012;0,49
18/07/2012;0,495
19/07/2012;0,495
20/07/2012;0,5
23/07/2012;0,5
24/07/2012;0,5
25/07/2012;0,5
26/07/2012;0,5
27/07/2012;0,5
30/07/2012;0,5
31/07/2012;0,5
01/08/2012;0,5
02/08/2012;0,5
03/08/2012;0,5
06/08/2012;0,495
07/08/2012;0,5
08/08/2012;0,5
09/08/2012;0,5
10/08/2012;0,5
13/08/2012;0,5
14/08/2012;0,5
15/08/2012;0,5
16/08/2012;0,495
17/08/2012;0,49
20/08/2012;0,495
21/08/2012;0,485
22/08/2012;0,485
23/08/2012;0,485
24/08/2012;0,485
27/08/2012;0,48
28/08/2012;0,48
29/08/2012;0,48
30/08/2012;0,48
31/08/2012;0,48
03/09/2012;0,48
04/09/2012;0,48
05/09/2012;0,48
06/09/2012;0,48
10/09/2012;0,48
11/09/2012;0,48
12/09/2012;0,49
13/09/2012;0,495
14/09/2012;0,5
17/09/2012;0,5
18/09/2012;0,505
19/09/2012;0,515
20/09/2012;0,515
21/09/2012;0,525
24/09/2012;0,525
25/09/2012;0,52
26/09/2012;0,525
27/09/2012;0,525
28/09/2012;0,525
01/10/2012;0,535
02/10/2012;0,535
03/10/2012;0,53
04/10/2012;0,53
05/10/2012;0,53
08/10/2012;0,54
09/10/2012;0,535
10/10/2012;0,54
11/10/2012;0,535
15/10/2012;0,54
16/10/2012;0,54
17/10/2012;0,55
18/10/2012;0,555
19/10/2012;0,555
22/10/2012;0,555
23/10/2012;0,555
24/10/2012;0,555
25/10/2012;0,555
26/10/2012;0,555
29/10/2012;0,555
30/10/2012;0,56
31/10/2012;0,56
01/11/2012;0,56
05/11/2012;0,56
06/11/2012;0,56
07/11/2012;0,56
08/11/2012;0,56
09/11/2012;0,56
12/11/2012;0,555
13/11/2012;0,56
14/11/2012;0,56
16/11/2012;0,56
19/11/2012;0,555
20/11/2012;0,555
21/11/2012;0,555
22/11/2012;0,55
23/11/2012;0,55
26/11/2012;0,55
27/11/2012;0,55
28/11/2012;0,55
29/11/2012;0,55
30/11/2012;0,55
03/12/2012;0,55
04/12/2012;0,555
05/12/2012;0,55
06/12/2012;0,55
07/12/2012;0,545
10/12/2012;0,545
11/12/2012;0,545
12/12/2012;0,54
13/12/2012;0,54
14/12/2012;0,54
17/12/2012;0,54
18/12/2012;0,53
19/12/2012;0,525
20/12/2012;0,525
21/12/2012;0,525
24/12/2012;0,52
26/12/2012;0,52
27/12/2012;0,515
28/12/2012;0,51
31/12/2012;0,51
02/01/2013;0,56
03/01/2013;0,555
04/01/2013;0,555
07/01/2013;0,54
08/01/2013;0,53
09/01/2013;0,53
10/01/2013;0,53
11/01/2013;0,53
14/01/2013;0,515
15/01/2013;0,515
16/01/2013;0,53
17/01/2013;0,535
18/01/2013;0,535
21/01/2013;0,525
22/01/2013;0,51
23/01/2013;0,51
24/01/2013;0,51
25/01/2013;0,51
28/01/2013;0,505
29/01/2013;0,505
30/01/2013;0,505
31/01/2013;0,505
01/02/2013;0,505
04/02/2013;0,5
05/02/2013;0,5
06/02/2013;0,495
07/02/2013;0,495
08/02/2013;0,49
13/02/2013;0,49
14/02/2013;0,48
15/02/2013;0,475
18/02/2013;0,465
19/02/2013;0,46
20/02/2013;0,46
21/02/2013;0,46
22/02/2013;0,465
25/02/2013;0,455
26/02/2013;0,455
27/02/2013;0,455
28/02/2013;0,455
01/03/2013;0,455
04/03/2013;0,455
05/03/2013;0,455
06/03/2013;0,455
07/03/2013;0,45
08/03/2013;0,445
11/03/2013;0,45
12/03/2013;0,45
13/03/2013;0,45
14/03/2013;0,445
15/03/2013;0,445
18/03/2013;0,445
19/03/2013;0,445
20/03/2013;0,445
21/03/2013;0,435
22/03/2013;0,435
25/03/2013;0,43
26/03/2013;0,425
27/03/2013;0,425
28/03/2013;0,425
01/04/2013;0,425
02/04/2013;0,425
03/04/2013;0,42
04/04/2013;0,42
05/04/2013;0,42
08/04/2013;0,415
09/04/2013;0,415
10/04/2013;0,415
11/04/2013;0,41
12/04/2013;0,41
15/04/2013;0,41
16/04/2013;0,41
17/04/2013;0,41
18/04/2013;0,4
19/04/2013;0,405
22/04/2013;0,39
23/04/2013;0,39
24/04/2013;0,4
25/04/2013;0,4
26/04/2013;0,4
29/04/2013;0,395
30/04/2013;0,395
02/05/2013;0,395
03/05/2013;0,39
06/05/2013;0,39
07/05/2013;0,39
08/05/2013;0,38
09/05/2013;0,375
10/05/2013;0,375
13/05/2013;0,37
14/05/2013;0,37
15/05/2013;0,37
16/05/2013;0,37
17/05/2013;0,37
20/05/2013;0,355
21/05/2013;0,355
22/05/2013;0,355
23/05/2013;0,355
24/05/2013;0,355
27/05/2013;0,35
28/05/2013;0,35
29/05/2013;0,35
31/05/2013;0,355
03/06/2013;0,36
04/06/2013;0,36
05/06/2013;0,355
06/06/2013;0,36
07/06/2013;0,355
10/06/2013;0,35
11/06/2013;0,35
12/06/2013;0,35
13/06/2013;0,35
14/06/2013;0,345
17/06/2013;0,345
18/06/2013;0,345
19/06/2013;0,34
20/06/2013;0,34
21/06/2013;0,34
24/06/2013;0,335
25/06/2013;0,335
26/06/2013;0,335
27/06/2013;0,33
28/06/2013;0,33
01/07/2013;0,32
02/07/2013;0,325
03/07/2013;0,32
04/07/2013;0,32
05/07/2013;0,325
08/07/2013;0,325
09/07/2013;0,325
10/07/2013;0,325
11/07/2013;0,325
12/07/2013;0,33
15/07/2013;0,335
16/07/2013;0,335
17/07/2013;0,335
18/07/2013;0,335
19/07/2013;0,33
22/07/2013;0,33
23/07/2013;0,33
24/07/2013;0,325
25/07/2013;0,325
26/07/2013;0,325
29/07/2013;0,325
30/07/2013;0,325
31/07/2013;0,325
01/08/2013;0,325
02/08/2013;0,325
05/08/2013;0,33
06/08/2013;0,33
07/08/2013;0,325
08/08/2013;0,325
09/08/2013;0,325
12/08/2013;0,325
13/08/2013;0,32
14/08/2013;0,325
15/08/2013;0,325
16/08/2013;0,325
19/08/2013;0,33
20/08/2013;0,32
21/08/2013;0,32
22/08/2013;0,315
23/08/2013;0,315
26/08/2013;0,31
27/08/2013;0,31
28/08/2013;0,31
29/08/2013;0,305
30/08/2013;0,305
02/09/2013;0,305
03/09/2013;0,305
04/09/2013;0,305
05/09/2013;0,305
06/09/2013;0,315
09/09/2013;0,305
10/09/2013;0,305
11/09/2013;0,305
12/09/2013;0,305
13/09/2013;0,305
16/09/2013;0,3
17/09/2013;0,295
18/09/2013;0,29
19/09/2013;0,28
20/09/2013;0,28
23/09/2013;0,28
24/09/2013;0,28
25/09/2013;0,28
26/09/2013;0,285
27/09/2013;0,28
30/09/2013;0,28
01/10/2013;0,28
02/10/2013;0,28
03/10/2013;0,28
04/10/2013;0,285
07/10/2013;0,28
08/10/2013;0,28
09/10/2013;0,28
10/10/2013;0,28
11/10/2013;0,285
14/10/2013;0,28
15/10/2013;0,28
16/10/2013;0,285
17/10/2013;0,285
18/10/2013;0,29
21/10/2013;0,295
22/10/2013;0,295
23/10/2013;0,295
24/10/2013;0,3
25/10/2013;0,3
28/10/2013;0,295
29/10/2013;0,295
30/10/2013;0,295
31/10/2013;0,295
01/11/2013;0,3
04/11/2013;0,295
05/11/2013;0,295
06/11/2013;0,295
07/11/2013;0,29
08/11/2013;0,295
11/11/2013;0,295
12/11/2013;0,3
13/11/2013;0,3
14/11/2013;0,3
18/11/2013;0,295
19/11/2013;0,295
20/11/2013;0,295
21/11/2013;0,29
22/11/2013;0,285
25/11/2013;0,285
26/11/2013;0,285
27/11/2013;0,285
28/11/2013;0,29
29/11/2013;0,29
02/12/2013;0,285
03/12/2013;0,29
04/12/2013;0,285
05/12/2013;0,285
06/12/2013;0,285
09/12/2013;0,28
10/12/2013;0,28
11/12/2013;0,275
12/12/2013;0,275
13/12/2013;0,275
16/12/2013;0,27
17/12/2013;0,275
18/12/2013;0,275
19/12/2013;0,275
20/12/2013;0,27
23/12/2013;0,275
24/12/2013;0,275
26/12/2013;0,275
27/12/2013;0,27
30/12/2013;0,275
31/12/2013;0,275
02/01/2014;0,445
03/01/2014;0,445
06/01/2014;0,44
07/01/2014;0,44
08/01/2014;0,44
09/01/2014;0,44
10/01/2014;0,44
13/01/2014;0,43
14/01/2014;0,43
15/01/2014;0,43
16/01/2014;0,43
17/01/2014;0,43
20/01/2014;0,415
21/01/2014;0,42
22/01/2014;0,41
23/01/2014;0,405
24/01/2014;0,405
27/01/2014;0,41
28/01/2014;0,41
29/01/2014;0,41
30/01/2014;0,41
31/01/2014;0,405
03/02/2014;0,4
04/02/2014;0,4
05/02/2014;0,395
06/02/2014;0,395
07/02/2014;0,39
10/02/2014;0,39
11/02/2014;0,39
12/02/2014;0,39
13/02/2014;0,395
14/02/2014;0,39
17/02/2014;0,39
18/02/2014;0,39
19/02/2014;0,39
20/02/2014;0,39
21/02/2014;0,385
24/02/2014;0,385
25/02/2014;0,385
26/02/2014;0,385
27/02/2014;0,39
28/02/2014;0,39
05/03/2014;0,39
06/03/2014;0,395
07/03/2014;0,39
10/03/2014;0,385
11/03/2014;0,38
12/03/2014;0,38
13/03/2014;0,38
14/03/2014;0,375
17/03/2014;0,365
18/03/2014;0,355
19/03/2014;0,355
20/03/2014;0,325
21/03/2014;0,325
24/03/2014;0,325
25/03/2014;0,325
26/03/2014;0,32
27/03/2014;0,31
28/03/2014;0,305
31/03/2014;0,31
01/04/2014;0,305
02/04/2014;0,3
03/04/2014;0,29
04/04/2014;0,29
07/04/2014;0,29
08/04/2014;0,29
09/04/2014;0,29
10/04/2014;0,28
11/04/2014;0,275
14/04/2014;0,27
15/04/2014;0,265
16/04/2014;0,25
17/04/2014;0,25
22/04/2014;0,245
23/04/2014;0,245
24/04/2014;0,245
25/04/2014;0,24
28/04/2014;0,24
29/04/2014;0,235
30/04/2014;0,23
02/05/2014;0,225
05/05/2014;0,22
06/05/2014;0,22
07/05/2014;0,22
08/05/2014;0,225
09/05/2014;0,225
12/05/2014;0,22
13/05/2014;0,21
14/05/2014;0,21
15/05/2014;0,21
16/05/2014;0,21
19/05/2014;0,205
20/05/2014;0,18
21/05/2014;0,175
22/05/2014;0,18
23/05/2014;0,175
26/05/2014;0,175
27/05/2014;0,175
28/05/2014;0,175
29/05/2014;0,17
30/05/2014;0,17
02/06/2014;0,17
03/06/2014;0,175
04/06/2014;0,175
05/06/2014;0,17
06/06/2014;0,17
09/06/2014;0,17
10/06/2014;0,17
11/06/2014;0,17
12/06/2014;0,17
13/06/2014;0,165
16/06/2014;0,17
17/06/2014;0,165
18/06/2014;0,165
20/06/2014;0,165
23/06/2014;0,165
24/06/2014;0,165
25/06/2014;0,165
26/06/2014;0,165
27/06/2014;0,16
30/06/2014;0,16
01/07/2014;0,16
02/07/2014;0,16
03/07/2014;0,16
04/07/2014;0,16
07/07/2014;0,16
08/07/2014;0,165
09/07/2014;0,16
10/07/2014;0,16
11/07/2014;0,165
14/07/2014;0,17
15/07/2014;0,165
16/07/2014;0,16
17/07/2014;0,15
18/07/2014;0,16
21/07/2014;0,145
22/07/2014;0,14
23/07/2014;0,14
24/07/2014;0,14
25/07/2014;0,14
28/07/2014;0,14
29/07/2014;0,14
30/07/2014;0,135
31/07/2014;0,125
01/08/2014;0,13
04/08/2014;0,12
05/08/2014;0,12
06/08/2014;0,12
07/08/2014;0,12
08/08/2014;0,12
11/08/2014;0,115
12/08/2014;0,115
13/08/2014;0,115
14/08/2014;0,12
15/08/2014;0,12
18/08/2014;0,12
19/08/2014;0,125
20/08/2014;0,125
21/08/2014;0,125
22/08/2014;0,125
25/08/2014;0,12
26/08/2014;0,125
27/08/2014;0,12
28/08/2014;0,12
29/08/2014;0,12
01/09/2014;0,12
02/09/2014;0,125
03/09/2014;0,12
04/09/2014;0,12
05/09/2014;0,12
08/09/2014;0,12
09/09/2014;0,12
10/09/2014;0,12
11/09/2014;0,12
12/09/2014;0,12
15/09/2014;0,115
16/09/2014;0,115
17/09/2014;0,115
18/09/2014;0,11
19/09/2014;0,1
22/09/2014;0,095
23/09/2014;0,1
24/09/2014;0,095
25/09/2014;0,095
26/09/2014;0,095
29/09/2014;0,095
30/09/2014;0,095
01/10/2014;0,095
02/10/2014;0,085
03/10/2014;0,085
06/10/2014;0,085
07/10/2014;0,085
08/10/2014;0,085
09/10/2014;0,085
10/10/2014;0,085
13/10/2014;0,085
14/10/2014;0,085
15/10/2014;0,085
16/10/2014;0,085
17/10/2014;0,09
20/10/2014;0,07
21/10/2014;0,07
22/10/2014;0,07
23/10/2014;0,07
24/10/2014;0,07
27/10/2014;0,05
28/10/2014;0,045
29/10/2014;0,04
30/10/2014;0,04
31/10/2014;0,04
03/11/2014;0,04
04/11/2014;0,04
05/11/2014;0,04
06/11/2014;0,04
07/11/2014;0,035
10/11/2014;0,03
11/11/2014;0,03
12/11/2014;0,035
13/11/2014;0,035
14/11/2014;0,035
17/11/2014;0,03
18/11/2014;0,02
19/11/2014;0,02
20/11/2014;0,02
21/11/2014;0,02
24/11/2014;0,02
25/11/2014;0,02
26/11/2014;0,015
27/11/2014;0,02
28/11/2014;0,015
01/12/2014;0,015
02/12/2014;0,01
03/12/2014;0,01
04/12/2014;0,005
05/12/2014;0
08/12/2014;0
09/12/2014;0
10/12/2014;0
11/12/2014;0
12/12/2014;0
15/12/2014;0
16/12/2014;0
17/12/2014;0
18/12/2014;0
19/12/2014;0
22/12/2014;0
23/12/2014;0
24/12/2014;0
26/12/2014;0
29/12/2014;0
30/12/2014;0
31/12/2014;0
02/01/2015;0,41
05/01/2015;0,41
06/01/2015;0,41
07/01/2015;0,41
08/01/2015;0,405
09/01/2015;0,41
12/01/2015;0,405
13/01/2015;0,41
14/01/2015;0,41
15/01/2015;0,42
16/01/2015;0,425
19/01/2015;0,44
20/01/2015;0,44
21/01/2015;0,445
22/01/2015;0,45
23/01/2015;0,45
26/01/2015;0,45
27/01/2015;0,445
28/01/2015;0,445
29/01/2015;0,45
30/01/2015;0,45
02/02/2015;0,45
03/02/2015;0,45
04/02/2015;0,45
05/02/2015;0,45
06/02/2015;0,45
09/02/2015;0,45
10/02/2015;0,45
11/02/2015;0,455
12/02/2015;0,455
13/02/2015;0,455
18/02/2015;0,455
19/02/2015;0,455
20/02/2015;0,455
23/02/2015;0,46
24/02/2015;0,46
25/02/2015;0,46
26/02/2015;0,455
27/02/2015;0,455
02/03/2015;0,46
03/03/2015;0,46
04/03/2015;0,46
05/03/2015;0,46
06/03/2015;0,445
09/03/2015;0,445
10/03/2015;0,445
11/03/2015;0,445
12/03/2015;0,445
13/03/2015;0,435
16/03/2015;0,425
17/03/2015;0,425
18/03/2015;0,42
19/03/2015;0,42
20/03/2015;0,425
23/03/2015;0,425
24/03/2015;0,425
25/03/2015;0,425
26/03/2015;0,425
27/03/2015;0,425
30/03/2015;0,425
31/03/2015;0,43
01/04/2015;0,43
02/04/2015;0,43
06/04/2015;0,43
07/04/2015;0,43
08/04/2015;0,43
09/04/2015;0,43
10/04/2015;0,43
13/04/2015;0,435
14/04/2015;0,435
15/04/2015;0,435
16/04/2015;0,435
17/04/2015;0,435
20/04/2015;0,435
22/04/2015;0,44
23/04/2015;0,435
24/04/2015;0,435
27/04/2015;0,44
28/04/2015;0,44
29/04/2015;0,44
30/04/2015;0,445
04/05/2015;0,445
05/05/2015;0,45
06/05/2015;0,45
07/05/2015;0,455
08/05/2015;0,455
11/05/2015;0,46
12/05/2015;0,465
13/05/2015;0,465
14/05/2015;0,465
15/05/2015;0,47
18/05/2015;0,465
19/05/2015;0,48
20/05/2015;0,485
21/05/2015;0,49
22/05/2015;0,495
25/05/2015;0,48
26/05/2015;0,485
27/05/2015;0,485
28/05/2015;0,49
29/05/2015;0,495
01/06/2015;0,5
02/06/2015;0,5
03/06/2015;0,5
05/06/2015;0,51
08/06/2015;0,505
09/06/2015;0,505
10/06/2015;0,51
11/06/2015;0,5
12/06/2015;0,495
15/06/2015;0,49
16/06/2015;0,49
17/06/2015;0,49
18/06/2015;0,485
19/06/2015;0,485
22/06/2015;0,485
23/06/2015;0,485
24/06/2015;0,49
25/06/2015;0,5
26/06/2015;0,5
29/06/2015;0,5
30/06/2015;0,5
01/07/2015;0,505
02/07/2015;0,5
03/07/2015;0,51
06/07/2015;0,51
07/07/2015;0,51
08/07/2015;0,51
09/07/2015;0,51
10/07/2015;0,51
13/07/2015;0,515
14/07/2015;0,515
15/07/2015;0,515
16/07/2015;0,52
17/07/2015;0,53
20/07/2015;0,525
21/07/2015;0,53
22/07/2015;0,53
23/07/2015;0,525
24/07/2015;0,525
27/07/2015;0,52
28/07/2015;0,52
29/07/2015;0,52
30/07/2015;0,525
31/07/2015;0,525
03/08/2015;0,52
04/08/2015;0,52
05/08/2015;0,52
06/08/2015;0,515
07/08/2015;0,515
10/08/2015;0,51
11/08/2015;0,51
12/08/2015;0,505
13/08/2015;0,505
14/08/2015;0,5
17/08/2015;0,5
18/08/2015;0,5
19/08/2015;0,495
20/08/2015;0,49
21/08/2015;0,49
24/08/2015;0,49
25/08/2015;0,49
26/08/2015;0,49
27/08/2015;0,49
28/08/2015;0,485
31/08/2015;0,485
01/09/2015;0,485
02/09/2015;0,485
03/09/2015;0,485
04/09/2015;0,47
08/09/2015;0,46
09/09/2015;0,455
10/09/2015;0,45
11/09/2015;0,44
14/09/2015;0,435
15/09/2015;0,425
16/09/2015;0,42
17/09/2015;0,405
18/09/2015;0,38
21/09/2015;0,335
22/09/2015;0,325
23/09/2015;0,325
24/09/2015;0,315
25/09/2015;0,31
28/09/2015;0,3
29/09/2015;0,3
30/09/2015;0,29
01/10/2015;0,275
02/10/2015;0,265
05/10/2015;0,25
06/10/2015;0,25
07/10/2015;0,24
08/10/2015;0,225
09/10/2015;0,22
13/10/2015;0,21
14/10/2015;0,205
15/10/2015;0,205
16/10/2015;0,2
19/10/2015;0,195
20/10/2015;0,14
21/10/2015;0,135
22/10/2015;0,135
23/10/2015;0,135
26/10/2015;0,125
27/10/2015;0,125
28/10/2015;0,125
29/10/2015;0,115
30/10/2015;0,1
03/11/2015;0,085
04/11/2015;0,075
05/11/2015;0,055
06/11/2015;0,04
09/11/2015;0,03
10/11/2015;0,02
11/11/2015;0,02
12/11/2015;0,015
13/11/2015;0,005
16/11/2015;0
17/11/2015;0
18/11/2015;0
19/11/2015;0
20/11/2015;0
23/11/2015;0
24/11/2015;0
25/11/2015;0
26/11/2015;0
27/11/2015;0
30/11/2015;0
01/12/2015;0
02/12/2015;0
03/12/2015;0
04/12/2015;0
07/12/2015;0
08/12/2015;0
09/12/2015;0
10/12/2015;0
11/12/2015;0
14/12/2015;0
15/12/2015;0
16/12/2015;0
17/12/2015;0
18/12/2015;0
21/12/2015;0
22/12/2015;0
23/12/2015;0
24/12/2015;0
28/12/2015;0
29/12/2015;0
30/12/2015;0
31/12/2015;0
04/01/2016;0,585
05/01/2016;0,585
06/01/2016;0,59
07/01/2016;0,59
08/01/2016;0,585
11/01/2016;0,565
12/01/2016;0,56
13/01/2016;0,56
14/01/2016;0,565
15/01/2016;0,57
18/01/2016;0,55
19/01/2016;0,545
20/01/2016;0,52
21/01/2016;0,4
22/01/2016;0,38
25/01/2016;0,38
26/01/2016;0,375
27/01/2016;0,375
28/01/2016;0,365
29/01/2016;0,35
01/02/2016;0,33
02/02/2016;0,34
03/02/2016;0,335
04/02/2016;0,32
05/02/2016;0,3
10/02/2016;0,29
11/02/2016;0,275
12/02/2016;0,275
15/02/2016;0,26
16/02/2016;0,26
17/02/2016;0,255
18/02/2016;0,25
19/02/2016;0,25
22/02/2016;0,23
23/02/2016;0,23
24/02/2016;0,23
25/02/2016;0,225
26/02/2016;0,225
29/02/2016;0,23
01/03/2016;0,225
02/03/2016;0,225
03/03/2016;0,225
04/03/2016;0,225
07/03/2016;0,225
08/03/2016;0,225
09/03/2016;0,225
10/03/2016;0,235
11/03/2016;0,24
14/03/2016;0,23
15/03/2016;0,23
16/03/2016;0,23
17/03/2016;0,23
18/03/2016;0,24
21/03/2016;0,24
22/03/2016;0,27
23/03/2016;0,27
24/03/2016;0,28
28/03/2016;0,275
29/03/2016;0,28
30/03/2016;0,285
31/03/2016;0,29
01/04/2016;0,29
04/04/2016;0,285
05/04/2016;0,285
06/04/2016;0,29
07/04/2016;0,285
08/04/2016;0,31
11/04/2016;0,31
12/04/2016;0,31
13/04/2016;0,32
14/04/2016;0,32
15/04/2016;0,32
18/04/2016;0,325
19/04/2016;0,355
20/04/2016;0,365
22/04/2016;0,365
25/04/2016;0,365
26/04/2016;0,365
27/04/2016;0,365
28/04/2016;0,375
29/04/2016;0,385
02/05/2016;0,39
03/05/2016;0,4
04/05/2016;0,4
05/05/2016;0,405
06/05/2016;0,415
09/05/2016;0,43
10/05/2016;0,43
11/05/2016;0,435
12/05/2016;0,45
13/05/2016;0,455
16/05/2016;0,465
17/05/2016;0,475
18/05/2016;0,475
19/05/2016;0,515
20/05/2016;0,515
23/05/2016;0,52
24/05/2016;0,51
25/05/2016;0,51
27/05/2016;0,51
30/05/2016;0,515
31/05/2016;0,51
01/06/2016;0,505
02/06/2016;0,51
03/06/2016;0,505
06/06/2016;0,5
07/06/2016;0,5
08/06/2016;0,505
09/06/2016;0,51
10/06/2016;0,515
13/06/2016;0,515
14/06/2016;0,515
15/06/2016;0,515
16/06/2016;0,515
17/06/2016;0,515
20/06/2016;0,515
21/06/2016;0,515
22/06/2016;0,515
23/06/2016;0,515
24/06/2016;0,515
27/06/2016;0,515
28/06/2016;0,515
29/06/2016;0,525
30/06/2016;0,535
01/07/2016;0,545
04/07/2016;0,555
05/07/2016;0,56
06/07/2016;0,565
07/07/2016;0,565
08/07/2016;0,57
11/07/2016;0,575
12/07/2016;0,58
13/07/2016;0,585
14/07/2016;0,58
15/07/2016;0,585
18/07/2016;0,585
19/07/2016;0,585
20/07/2016;0,595
21/07/2016;0,6
22/07/2016;0,605
25/07/2016;0,615
26/07/2016;0,615
27/07/2016;0,615
28/07/2016;0,62
29/07/2016;0,625
01/08/2016;0,625
02/08/2016;0,625
03/08/2016;0,63
04/08/2016;0,63
05/08/2016;0,635
08/08/2016;0,635
09/08/2016;0,64
10/08/2016;0,64
11/08/2016;0,64
12/08/2016;0,64
15/08/2016;0,64
16/08/2016;0,645
17/08/2016;0,645
18/08/2016;0,645
19/08/2016;0,65
22/08/2016;0,65
23/08/2016;0,65
24/08/2016;0,65
25/08/2016;0,65
26/08/2016;0,65
29/08/2016;0,65
30/08/2016;0,65
31/08/2016;0,65
01/09/2016;0,645
02/09/2016;0,645
05/09/2016;0,65
06/09/2016;0,65
08/09/2016;0,655
09/09/2016;0,66
12/09/2016;0,66
13/09/2016;0,66
14/09/2016;0,66
15/09/2016;0,66
16/09/2016;0,66
19/09/2016;0,67
20/09/2016;0,67
21/09/2016;0,675
22/09/2016;0,675
23/09/2016;0,675
26/09/2016;0,675
27/09/2016;0,675
28/09/2016;0,675
29/09/2016;0,675
30/09/2016;0,675
03/10/2016;0,675
04/10/2016;0,675
05/10/2016;0,68
06/10/2016;0,68
07/10/2016;0,685
10/10/2016;0,695
11/10/2016;0,695
13/10/2016;0,695
14/10/2016;0,705
17/10/2016;0,71
18/10/2016;0,715
19/10/2016;0,72
20/10/2016;0,725
21/10/2016;0,735
24/10/2016;0,74
25/10/2016;0,745
26/10/2016;0,745
27/10/2016;0,745
28/10/2016;0,745
31/10/2016;0,75
01/11/2016;0,76
03/11/2016;0,76
04/11/2016;0,76
07/11/2016;0,76
08/11/2016;0,76
09/11/2016;0,76
10/11/2016;0,76
11/11/2016;0,76
14/11/2016;0,76
16/11/2016;0,755
17/11/2016;0,755
18/11/2016;0,755
21/11/2016;0,765
22/11/2016;0,765
23/11/2016;0,765
24/11/2016;0,765
25/11/2016;0,77
28/11/2016;0,77
29/11/2016;0,77
30/11/2016;0,77
01/12/2016;0,77
02/12/2016;0,77
05/12/2016;0,77
06/12/2016;0,77
07/12/2016;0,77
08/12/2016;0,78
09/12/2016;0,785
